,Trial_Id,Model,Experiment,Question_Num,Repeat_Num,Anchor_Type,Comparison,Estimate
0,1,Llama-3.1-8B,Baseline,1,1,Low,HIGHER,15000
1,2,Llama-3.1-8B,Baseline,1,2,Low,HIGHER,12000
2,3,Llama-3.1-8B,Baseline,1,3,Low,HIGHER,15000
3,4,Llama-3.1-8B,Baseline,1,4,Low,HIGHER,15000
4,5,Llama-3.1-8B,Baseline,1,5,Low,HIGHER,15000
5,6,Llama-3.1-8B,Baseline,1,6,Low,HIGHER,15000
6,7,Llama-3.1-8B,Baseline,1,7,Low,HIGHER,15000
7,8,Llama-3.1-8B,Baseline,1,8,Low,HIGHER,15000
8,9,Llama-3.1-8B,Baseline,1,1,High,HIGHER,12000
11,12,Llama-3.1-8B,Baseline,1,4,High,HIGHER,12000
12,13,Llama-3.1-8B,Baseline,1,5,High,HIGHER,12000
13,14,Llama-3.1-8B,Baseline,1,6,High,HIGHER,12000
14,15,Llama-3.1-8B,Baseline,1,7,High,HIGHER,15000
15,16,Llama-3.1-8B,Baseline,1,8,High,HIGHER,12000
16,17,Llama-3.1-8B,Baseline,2,1,Low,HIGHER,950
17,18,Llama-3.1-8B,Baseline,2,2,Low,HIGHER,1050
18,19,Llama-3.1-8B,Baseline,2,3,Low,HIGHER,1050
21,22,Llama-3.1-8B,Baseline,2,6,Low,HIGHER,950
22,23,Llama-3.1-8B,Baseline,2,7,Low,HIGHER,950
24,25,Llama-3.1-8B,Baseline,2,1,High,LOWER,20
25,26,Llama-3.1-8B,Baseline,2,2,High,LOWER,18
26,27,Llama-3.1-8B,Baseline,2,3,High,HIGHER,1850
27,28,Llama-3.1-8B,Baseline,2,4,High,HIGHER,18
28,29,Llama-3.1-8B,Baseline,2,5,High,HIGHER,18
29,30,Llama-3.1-8B,Baseline,2,6,High,HIGHER,18
30,31,Llama-3.1-8B,Baseline,2,7,High,HIGHER,18
32,33,Llama-3.1-8B,Baseline,3,1,Low,HIGHER,120
33,34,Llama-3.1-8B,Baseline,3,2,Low,HIGHER,120
34,35,Llama-3.1-8B,Baseline,3,3,Low,HIGHER,120
35,36,Llama-3.1-8B,Baseline,3,4,Low,HIGHER,120
36,37,Llama-3.1-8B,Baseline,3,5,Low,HIGHER,120
37,38,Llama-3.1-8B,Baseline,3,6,Low,HIGHER,120
38,39,Llama-3.1-8B,Baseline,3,7,Low,HIGHER,120
39,40,Llama-3.1-8B,Baseline,3,8,Low,HIGHER,120
40,41,Llama-3.1-8B,Baseline,3,1,High,HIGHER,300
41,42,Llama-3.1-8B,Baseline,3,2,High,HIGHER,300
42,43,Llama-3.1-8B,Baseline,3,3,High,HIGHER,300
43,44,Llama-3.1-8B,Baseline,3,4,High,HIGHER,300
44,45,Llama-3.1-8B,Baseline,3,5,High,HIGHER,300
45,46,Llama-3.1-8B,Baseline,3,6,High,HIGHER,260
46,47,Llama-3.1-8B,Baseline,3,7,High,HIGHER,300
47,48,Llama-3.1-8B,Baseline,3,8,High,HIGHER,300
48,49,Llama-3.1-8B,Baseline,4,1,Low,HIGHER,10440
49,50,Llama-3.1-8B,Baseline,4,2,Low,HIGHER,10000
50,51,Llama-3.1-8B,Baseline,4,3,Low,HIGHER,10000
51,52,Llama-3.1-8B,Baseline,4,4,Low,HIGHER,10440
52,53,Llama-3.1-8B,Baseline,4,5,Low,HIGHER,10000
53,54,Llama-3.1-8B,Baseline,4,6,Low,HIGHER,10000
54,55,Llama-3.1-8B,Baseline,4,7,Low,HIGHER,10000
55,56,Llama-3.1-8B,Baseline,4,8,Low,HIGHER,10000
56,57,Llama-3.1-8B,Baseline,4,1,High,HIGHER,10000
57,58,Llama-3.1-8B,Baseline,4,2,High,HIGHER,10000
58,59,Llama-3.1-8B,Baseline,4,3,High,HIGHER,10000
59,60,Llama-3.1-8B,Baseline,4,4,High,HIGHER,12000
60,61,Llama-3.1-8B,Baseline,4,5,High,HIGHER,10000
61,62,Llama-3.1-8B,Baseline,4,6,High,HIGHER,10000
62,63,Llama-3.1-8B,Baseline,4,7,High,HIGHER,10700
63,64,Llama-3.1-8B,Baseline,4,8,High,HIGHER,10300
64,65,Llama-3.1-8B,Baseline,5,1,Low,HIGHER,65
65,66,Llama-3.1-8B,Baseline,5,2,Low,HIGHER,65
66,67,Llama-3.1-8B,Baseline,5,3,Low,HIGHER,55
67,68,Llama-3.1-8B,Baseline,5,4,Low,HIGHER,65
68,69,Llama-3.1-8B,Baseline,5,5,Low,HIGHER,65
70,71,Llama-3.1-8B,Baseline,5,7,Low,HIGHER,60
71,72,Llama-3.1-8B,Baseline,5,8,Low,HIGHER,65
74,75,Llama-3.1-8B,Baseline,5,3,High,HIGHER,150
75,76,Llama-3.1-8B,Baseline,5,4,High,HIGHER,145
77,78,Llama-3.1-8B,Baseline,5,6,High,HIGHER,150
78,79,Llama-3.1-8B,Baseline,5,7,High,HIGHER,130
79,80,Llama-3.1-8B,Baseline,5,8,High,HIGHER,130
80,81,Llama-3.1-8B,Baseline,6,1,Low,HIGHER,38000
81,82,Llama-3.1-8B,Baseline,6,2,Low,HIGHER,35000
82,83,Llama-3.1-8B,Baseline,6,3,Low,HIGHER,35000
83,84,Llama-3.1-8B,Baseline,6,4,Low,HIGHER,35000
84,85,Llama-3.1-8B,Baseline,6,5,Low,HIGHER,38000
85,86,Llama-3.1-8B,Baseline,6,6,Low,HIGHER,38000
86,87,Llama-3.1-8B,Baseline,6,7,Low,HIGHER,35000
87,88,Llama-3.1-8B,Baseline,6,8,Low,HIGHER,35000
88,89,Llama-3.1-8B,Baseline,6,1,High,HIGHER,45000
89,90,Llama-3.1-8B,Baseline,6,2,High,HIGHER,45000
90,91,Llama-3.1-8B,Baseline,6,3,High,HIGHER,45000
91,92,Llama-3.1-8B,Baseline,6,4,High,HIGHER,45000
92,93,Llama-3.1-8B,Baseline,6,5,High,HIGHER,45000
94,95,Llama-3.1-8B,Baseline,6,7,High,HIGHER,45000
95,96,Llama-3.1-8B,Baseline,6,8,High,HIGHER,45000
96,97,Llama-3.1-8B,Baseline,7,1,Low,HIGHER,32
97,98,Llama-3.1-8B,Baseline,7,2,Low,HIGHER,30
98,99,Llama-3.1-8B,Baseline,7,3,Low,HIGHER,32
99,100,Llama-3.1-8B,Baseline,7,4,Low,HIGHER,32
100,101,Llama-3.1-8B,Baseline,7,5,Low,HIGHER,32
101,102,Llama-3.1-8B,Baseline,7,6,Low,HIGHER,30
102,103,Llama-3.1-8B,Baseline,7,7,Low,HIGHER,32
103,104,Llama-3.1-8B,Baseline,7,8,Low,HIGHER,32
104,105,Llama-3.1-8B,Baseline,7,1,High,HIGHER,105
105,106,Llama-3.1-8B,Baseline,7,2,High,HIGHER,102
106,107,Llama-3.1-8B,Baseline,7,3,High,HIGHER,105
107,108,Llama-3.1-8B,Baseline,7,4,High,HIGHER,55
108,109,Llama-3.1-8B,Baseline,7,5,High,HIGHER,32
109,110,Llama-3.1-8B,Baseline,7,6,High,HIGHER,93
110,111,Llama-3.1-8B,Baseline,7,7,High,HIGHER,90
111,112,Llama-3.1-8B,Baseline,7,8,High,HIGHER,105
112,113,Llama-3.1-8B,Baseline,8,1,Low,HIGHER,250000
113,114,Llama-3.1-8B,Baseline,8,2,Low,HIGHER,250000
114,115,Llama-3.1-8B,Baseline,8,3,Low,HIGHER,250000
115,116,Llama-3.1-8B,Baseline,8,4,Low,HIGHER,250000
116,117,Llama-3.1-8B,Baseline,8,5,Low,HIGHER,250000
117,118,Llama-3.1-8B,Baseline,8,6,Low,HIGHER,250000
118,119,Llama-3.1-8B,Baseline,8,7,Low,HIGHER,250000
119,120,Llama-3.1-8B,Baseline,8,8,Low,HIGHER,250000
120,121,Llama-3.1-8B,Baseline,8,1,High,HIGHER,750000
121,122,Llama-3.1-8B,Baseline,8,2,High,HIGHER,550000
122,123,Llama-3.1-8B,Baseline,8,3,High,HIGHER,250000
124,125,Llama-3.1-8B,Baseline,8,5,High,HIGHER,250000
125,126,Llama-3.1-8B,Baseline,8,6,High,HIGHER,250000
126,127,Llama-3.1-8B,Baseline,8,7,High,HIGHER,250000
127,128,Llama-3.1-8B,Baseline,8,8,High,HIGHER,250000
128,129,Llama-3.1-8B,Baseline,9,1,Low,HIGHER,125
129,130,Llama-3.1-8B,Baseline,9,2,Low,HIGHER,125
130,131,Llama-3.1-8B,Baseline,9,3,Low,HIGHER,125
131,132,Llama-3.1-8B,Baseline,9,4,Low,HIGHER,120
132,133,Llama-3.1-8B,Baseline,9,5,Low,HIGHER,125
133,134,Llama-3.1-8B,Baseline,9,6,Low,HIGHER,120
134,135,Llama-3.1-8B,Baseline,9,7,Low,HIGHER,125
135,136,Llama-3.1-8B,Baseline,9,8,Low,HIGHER,120
136,137,Llama-3.1-8B,Baseline,9,1,High,HIGHER,650
137,138,Llama-3.1-8B,Baseline,9,2,High,HIGHER,550
138,139,Llama-3.1-8B,Baseline,9,3,High,HIGHER,550
139,140,Llama-3.1-8B,Baseline,9,4,High,HIGHER,550
140,141,Llama-3.1-8B,Baseline,9,5,High,HIGHER,650
141,142,Llama-3.1-8B,Baseline,9,6,High,HIGHER,540
142,143,Llama-3.1-8B,Baseline,9,7,High,HIGHER,550
143,144,Llama-3.1-8B,Baseline,9,8,High,HIGHER,550
144,145,Llama-3.1-8B,Baseline,10,1,Low,HIGHER,35000
145,146,Llama-3.1-8B,Baseline,10,2,Low,HIGHER,50000
146,147,Llama-3.1-8B,Baseline,10,3,Low,HIGHER,50000
147,148,Llama-3.1-8B,Baseline,10,4,Low,HIGHER,35000
148,149,Llama-3.1-8B,Baseline,10,5,Low,HIGHER,50000
149,150,Llama-3.1-8B,Baseline,10,6,Low,HIGHER,50000
150,151,Llama-3.1-8B,Baseline,10,7,Low,HIGHER,35000
151,152,Llama-3.1-8B,Baseline,10,8,Low,HIGHER,35000
152,153,Llama-3.1-8B,Baseline,10,1,High,HIGHER,150000
153,154,Llama-3.1-8B,Baseline,10,2,High,HIGHER,150000
154,155,Llama-3.1-8B,Baseline,10,3,High,HIGHER,150000
155,156,Llama-3.1-8B,Baseline,10,4,High,HIGHER,250000
156,157,Llama-3.1-8B,Baseline,10,5,High,HIGHER,250000
157,158,Llama-3.1-8B,Baseline,10,6,High,HIGHER,120000
158,159,Llama-3.1-8B,Baseline,10,7,High,HIGHER,120000
159,160,Llama-3.1-8B,Baseline,10,8,High,HIGHER,150000
160,161,Llama-3.1-8B,Baseline,11,1,Low,HIGHER,30
161,162,Llama-3.1-8B,Baseline,11,2,Low,HIGHER,30
162,163,Llama-3.1-8B,Baseline,11,3,Low,HIGHER,35
163,164,Llama-3.1-8B,Baseline,11,4,Low,HIGHER,30
164,165,Llama-3.1-8B,Baseline,11,5,Low,HIGHER,30
165,166,Llama-3.1-8B,Baseline,11,6,Low,HIGHER,25
166,167,Llama-3.1-8B,Baseline,11,7,Low,HIGHER,25
167,168,Llama-3.1-8B,Baseline,11,8,Low,HIGHER,30
168,169,Llama-3.1-8B,Baseline,11,1,High,HIGHER,65
169,170,Llama-3.1-8B,Baseline,11,2,High,HIGHER,75
170,171,Llama-3.1-8B,Baseline,11,3,High,HIGHER,75
171,172,Llama-3.1-8B,Baseline,11,4,High,HIGHER,85
172,173,Llama-3.1-8B,Baseline,11,5,High,HIGHER,65
173,174,Llama-3.1-8B,Baseline,11,6,High,HIGHER,105
174,175,Llama-3.1-8B,Baseline,11,7,High,HIGHER,85
175,176,Llama-3.1-8B,Baseline,11,8,High,HIGHER,85
176,177,Llama-3.1-8B,Baseline,12,1,Low,HIGHER,120
177,178,Llama-3.1-8B,Baseline,12,2,Low,HIGHER,120
178,179,Llama-3.1-8B,Baseline,12,3,Low,HIGHER,120
179,180,Llama-3.1-8B,Baseline,12,4,Low,HIGHER,120
180,181,Llama-3.1-8B,Baseline,12,5,Low,HIGHER,120
181,182,Llama-3.1-8B,Baseline,12,6,Low,HIGHER,120
182,183,Llama-3.1-8B,Baseline,12,7,Low,HIGHER,120
183,184,Llama-3.1-8B,Baseline,12,8,Low,HIGHER,120
184,185,Llama-3.1-8B,Baseline,12,1,High,HIGHER,450
185,186,Llama-3.1-8B,Baseline,12,2,High,HIGHER,400
186,187,Llama-3.1-8B,Baseline,12,3,High,HIGHER,400
187,188,Llama-3.1-8B,Baseline,12,4,High,HIGHER,400
188,189,Llama-3.1-8B,Baseline,12,5,High,HIGHER,400
189,190,Llama-3.1-8B,Baseline,12,6,High,HIGHER,450
190,191,Llama-3.1-8B,Baseline,12,7,High,HIGHER,450
191,192,Llama-3.1-8B,Baseline,12,8,High,HIGHER,400
192,193,Llama-3.1-8B,Baseline,13,1,Low,HIGHER,25000000
193,194,Llama-3.1-8B,Baseline,13,2,Low,HIGHER,15000000
194,195,Llama-3.1-8B,Baseline,13,3,Low,HIGHER,25000000
195,196,Llama-3.1-8B,Baseline,13,4,Low,HIGHER,25000000
196,197,Llama-3.1-8B,Baseline,13,5,Low,HIGHER,15000000
197,198,Llama-3.1-8B,Baseline,13,6,Low,HIGHER,15000000
198,199,Llama-3.1-8B,Baseline,13,7,Low,HIGHER,15000000
199,200,Llama-3.1-8B,Baseline,13,8,Low,HIGHER,15000000
200,201,Llama-3.1-8B,Baseline,13,1,High,HIGHER,15000000
201,202,Llama-3.1-8B,Baseline,13,2,High,HIGHER,25000000
202,203,Llama-3.1-8B,Baseline,13,3,High,HIGHER,25000000
203,204,Llama-3.1-8B,Baseline,13,4,High,HIGHER,15000000
204,205,Llama-3.1-8B,Baseline,13,5,High,HIGHER,50000000
205,206,Llama-3.1-8B,Baseline,13,6,High,HIGHER,50000000
207,208,Llama-3.1-8B,Baseline,13,8,High,HIGHER,15000000
208,209,Llama-3.1-8B,Baseline,14,1,Low,HIGHER,2400
209,210,Llama-3.1-8B,Baseline,14,2,Low,HIGHER,2200
210,211,Llama-3.1-8B,Baseline,14,3,Low,HIGHER,2500
211,212,Llama-3.1-8B,Baseline,14,4,Low,HIGHER,2500
212,213,Llama-3.1-8B,Baseline,14,5,Low,HIGHER,2200
213,214,Llama-3.1-8B,Baseline,14,6,Low,HIGHER,2200
214,215,Llama-3.1-8B,Baseline,14,7,Low,HIGHER,2100
215,216,Llama-3.1-8B,Baseline,14,8,Low,HIGHER,2400
216,217,Llama-3.1-8B,Baseline,14,1,High,HIGHER,8500
217,218,Llama-3.1-8B,Baseline,14,2,High,HIGHER,8500
218,219,Llama-3.1-8B,Baseline,14,3,High,HIGHER,8500
219,220,Llama-3.1-8B,Baseline,14,4,High,HIGHER,7500
220,221,Llama-3.1-8B,Baseline,14,5,High,HIGHER,8000
221,222,Llama-3.1-8B,Baseline,14,6,High,HIGHER,6500
222,223,Llama-3.1-8B,Baseline,14,7,High,HIGHER,7500
223,224,Llama-3.1-8B,Baseline,14,8,High,HIGHER,7500
224,225,Llama-3.1-8B,Baseline,15,1,Low,HIGHER,550
225,226,Llama-3.1-8B,Baseline,15,2,Low,HIGHER,550
226,227,Llama-3.1-8B,Baseline,15,3,Low,HIGHER,550
227,228,Llama-3.1-8B,Baseline,15,4,Low,HIGHER,550
228,229,Llama-3.1-8B,Baseline,15,5,Low,HIGHER,550
229,230,Llama-3.1-8B,Baseline,15,6,Low,HIGHER,550
230,231,Llama-3.1-8B,Baseline,15,7,Low,HIGHER,550
231,232,Llama-3.1-8B,Baseline,15,8,Low,HIGHER,530
232,233,Llama-3.1-8B,Baseline,15,1,High,HIGHER,2000
233,234,Llama-3.1-8B,Baseline,15,2,High,HIGHER,1850
234,235,Llama-3.1-8B,Baseline,15,3,High,HIGHER,1800
235,236,Llama-3.1-8B,Baseline,15,4,High,HIGHER,1750
236,237,Llama-3.1-8B,Baseline,15,5,High,HIGHER,1800
237,238,Llama-3.1-8B,Baseline,15,6,High,HIGHER,1700
238,239,Llama-3.1-8B,Baseline,15,7,High,HIGHER,2200
239,240,Llama-3.1-8B,Baseline,15,8,High,HIGHER,2500
241,242,Llama-3.1-8B,Baseline,16,2,Low,HIGHER,55
242,243,Llama-3.1-8B,Baseline,16,3,Low,HIGHER,55
243,244,Llama-3.1-8B,Baseline,16,4,Low,HIGHER,55
244,245,Llama-3.1-8B,Baseline,16,5,Low,HIGHER,55
245,246,Llama-3.1-8B,Baseline,16,6,Low,HIGHER,55
246,247,Llama-3.1-8B,Baseline,16,7,Low,HIGHER,55
247,248,Llama-3.1-8B,Baseline,16,8,Low,HIGHER,55
251,252,Llama-3.1-8B,Baseline,16,4,High,HIGHER,175
256,257,Llama-3.1-8B,Baseline,17,1,Low,HIGHER,150000
257,258,Llama-3.1-8B,Baseline,17,2,Low,HIGHER,150000
258,259,Llama-3.1-8B,Baseline,17,3,Low,HIGHER,150000
259,260,Llama-3.1-8B,Baseline,17,4,Low,HIGHER,150000
260,261,Llama-3.1-8B,Baseline,17,5,Low,HIGHER,150000
261,262,Llama-3.1-8B,Baseline,17,6,Low,HIGHER,150000
262,263,Llama-3.1-8B,Baseline,17,7,Low,HIGHER,150000
263,264,Llama-3.1-8B,Baseline,17,8,Low,HIGHER,200000
264,265,Llama-3.1-8B,Baseline,17,1,High,HIGHER,150000
265,266,Llama-3.1-8B,Baseline,17,2,High,HIGHER,750000
266,267,Llama-3.1-8B,Baseline,17,3,High,HIGHER,1000000
267,268,Llama-3.1-8B,Baseline,17,4,High,HIGHER,1500000
269,270,Llama-3.1-8B,Baseline,17,6,High,HIGHER,750000
270,271,Llama-3.1-8B,Baseline,17,7,High,HIGHER,700000
271,272,Llama-3.1-8B,Baseline,17,8,High,HIGHER,750000
272,273,Llama-3.1-8B,Baseline,18,1,Low,HIGHER,50
273,274,Llama-3.1-8B,Baseline,18,2,Low,HIGHER,50
274,275,Llama-3.1-8B,Baseline,18,3,Low,HIGHER,50
275,276,Llama-3.1-8B,Baseline,18,4,Low,HIGHER,40
276,277,Llama-3.1-8B,Baseline,18,5,Low,HIGHER,40
277,278,Llama-3.1-8B,Baseline,18,6,Low,HIGHER,40
278,279,Llama-3.1-8B,Baseline,18,7,Low,HIGHER,40
279,280,Llama-3.1-8B,Baseline,18,8,Low,HIGHER,40
280,281,Llama-3.1-8B,Baseline,18,1,High,HIGHER,150
281,282,Llama-3.1-8B,Baseline,18,2,High,HIGHER,150
282,283,Llama-3.1-8B,Baseline,18,3,High,HIGHER,150
283,284,Llama-3.1-8B,Baseline,18,4,High,HIGHER,150
284,285,Llama-3.1-8B,Baseline,18,5,High,HIGHER,120
285,286,Llama-3.1-8B,Baseline,18,6,High,HIGHER,150
286,287,Llama-3.1-8B,Baseline,18,7,High,HIGHER,150
287,288,Llama-3.1-8B,Baseline,18,8,High,HIGHER,120
288,289,Llama-3.1-8B,Baseline,19,1,Low,HIGHER,55000
289,290,Llama-3.1-8B,Baseline,19,2,Low,HIGHER,120000
290,291,Llama-3.1-8B,Baseline,19,3,Low,HIGHER,60000
291,292,Llama-3.1-8B,Baseline,19,4,Low,HIGHER,55000
292,293,Llama-3.1-8B,Baseline,19,5,Low,HIGHER,120000
293,294,Llama-3.1-8B,Baseline,19,6,Low,HIGHER,55000
294,295,Llama-3.1-8B,Baseline,19,7,Low,HIGHER,55000
295,296,Llama-3.1-8B,Baseline,19,8,Low,HIGHER,120000
296,297,Llama-3.1-8B,Baseline,19,1,High,HIGHER,250000
297,298,Llama-3.1-8B,Baseline,19,2,High,HIGHER,250000
298,299,Llama-3.1-8B,Baseline,19,3,High,HIGHER,250000
299,300,Llama-3.1-8B,Baseline,19,4,High,HIGHER,250000
300,301,Llama-3.1-8B,Baseline,19,5,High,HIGHER,250000
301,302,Llama-3.1-8B,Baseline,19,6,High,HIGHER,250000
302,303,Llama-3.1-8B,Baseline,19,7,High,HIGHER,250000
303,304,Llama-3.1-8B,Baseline,19,8,High,HIGHER,250000
304,305,Llama-3.1-8B,Baseline,20,1,Low,HIGHER,1000
305,306,Llama-3.1-8B,Baseline,20,2,Low,HIGHER,1000
306,307,Llama-3.1-8B,Baseline,20,3,Low,HIGHER,1100
307,308,Llama-3.1-8B,Baseline,20,4,Low,HIGHER,1200
308,309,Llama-3.1-8B,Baseline,20,5,Low,HIGHER,1200
309,310,Llama-3.1-8B,Baseline,20,6,Low,HIGHER,1200
310,311,Llama-3.1-8B,Baseline,20,7,Low,HIGHER,1200
311,312,Llama-3.1-8B,Baseline,20,8,Low,HIGHER,1200
312,313,Llama-3.1-8B,Baseline,20,1,High,HIGHER,1800
313,314,Llama-3.1-8B,Baseline,20,2,High,HIGHER,1800
314,315,Llama-3.1-8B,Baseline,20,3,High,HIGHER,1800
315,316,Llama-3.1-8B,Baseline,20,4,High,HIGHER,1800
316,317,Llama-3.1-8B,Baseline,20,5,High,HIGHER,1800
317,318,Llama-3.1-8B,Baseline,20,6,High,HIGHER,1800
318,319,Llama-3.1-8B,Baseline,20,7,High,HIGHER,1800
319,320,Llama-3.1-8B,Baseline,20,8,High,HIGHER,1700
321,322,Llama-3.1-8B,Baseline,21,2,Low,HIGHER,1200
322,323,Llama-3.1-8B,Baseline,21,3,Low,HIGHER,1300
323,324,Llama-3.1-8B,Baseline,21,4,Low,HIGHER,1300
324,325,Llama-3.1-8B,Baseline,21,5,Low,HIGHER,1300
325,326,Llama-3.1-8B,Baseline,21,6,Low,HIGHER,1400
326,327,Llama-3.1-8B,Baseline,21,7,Low,HIGHER,1300
327,328,Llama-3.1-8B,Baseline,21,8,Low,HIGHER,1400
328,329,Llama-3.1-8B,Baseline,21,1,High,HIGHER,1200
329,330,Llama-3.1-8B,Baseline,21,2,High,HIGHER,1400
330,331,Llama-3.1-8B,Baseline,21,3,High,HIGHER,1300
331,332,Llama-3.1-8B,Baseline,21,4,High,HIGHER,1200
332,333,Llama-3.1-8B,Baseline,21,5,High,HIGHER,1300
333,334,Llama-3.1-8B,Baseline,21,6,High,HIGHER,1400
334,335,Llama-3.1-8B,Baseline,21,7,High,HIGHER,1400
335,336,Llama-3.1-8B,Baseline,21,8,High,HIGHER,1400
336,337,Llama-3.1-8B,Baseline,22,1,Low,HIGHER,1800
337,338,Llama-3.1-8B,Baseline,22,2,Low,HIGHER,1800
338,339,Llama-3.1-8B,Baseline,22,3,Low,HIGHER,1800
339,340,Llama-3.1-8B,Baseline,22,4,Low,HIGHER,1800
340,341,Llama-3.1-8B,Baseline,22,5,Low,HIGHER,1800
341,342,Llama-3.1-8B,Baseline,22,6,Low,HIGHER,1800
342,343,Llama-3.1-8B,Baseline,22,7,Low,HIGHER,1500
343,344,Llama-3.1-8B,Baseline,22,8,Low,HIGHER,1800
344,345,Llama-3.1-8B,Baseline,22,1,High,HIGHER,5500
345,346,Llama-3.1-8B,Baseline,22,2,High,HIGHER,5500
346,347,Llama-3.1-8B,Baseline,22,3,High,HIGHER,5500
347,348,Llama-3.1-8B,Baseline,22,4,High,HIGHER,5500
348,349,Llama-3.1-8B,Baseline,22,5,High,HIGHER,5500
349,350,Llama-3.1-8B,Baseline,22,6,High,HIGHER,5500
350,351,Llama-3.1-8B,Baseline,22,7,High,HIGHER,5500
351,352,Llama-3.1-8B,Baseline,22,8,High,HIGHER,6500
352,353,Llama-3.1-8B,Baseline,23,1,Low,HIGHER,250
353,354,Llama-3.1-8B,Baseline,23,2,Low,HIGHER,250
354,355,Llama-3.1-8B,Baseline,23,3,Low,HIGHER,250
355,356,Llama-3.1-8B,Baseline,23,4,Low,HIGHER,250
356,357,Llama-3.1-8B,Baseline,23,5,Low,HIGHER,250
357,358,Llama-3.1-8B,Baseline,23,6,Low,HIGHER,250
358,359,Llama-3.1-8B,Baseline,23,7,Low,HIGHER,250
359,360,Llama-3.1-8B,Baseline,23,8,Low,HIGHER,250
360,361,Llama-3.1-8B,Baseline,23,1,High,HIGHER,800
361,362,Llama-3.1-8B,Baseline,23,2,High,HIGHER,800
362,363,Llama-3.1-8B,Baseline,23,3,High,HIGHER,800
363,364,Llama-3.1-8B,Baseline,23,4,High,HIGHER,800
364,365,Llama-3.1-8B,Baseline,23,5,High,HIGHER,800
366,367,Llama-3.1-8B,Baseline,23,7,High,HIGHER,800
367,368,Llama-3.1-8B,Baseline,23,8,High,HIGHER,750
369,370,Llama-3.1-8B,Baseline,24,2,Low,HIGHER,60000
370,371,Llama-3.1-8B,Baseline,24,3,Low,HIGHER,60000
371,372,Llama-3.1-8B,Baseline,24,4,Low,HIGHER,60000
375,376,Llama-3.1-8B,Baseline,24,8,Low,HIGHER,60000
384,385,Llama-3.1-8B,Baseline,25,1,Low,HIGHER,1200
385,386,Llama-3.1-8B,Baseline,25,2,Low,HIGHER,600
386,387,Llama-3.1-8B,Baseline,25,3,Low,HIGHER,550
387,388,Llama-3.1-8B,Baseline,25,4,Low,HIGHER,550
388,389,Llama-3.1-8B,Baseline,25,5,Low,HIGHER,600
389,390,Llama-3.1-8B,Baseline,25,6,Low,HIGHER,1200
390,391,Llama-3.1-8B,Baseline,25,7,Low,HIGHER,1200
391,392,Llama-3.1-8B,Baseline,25,8,Low,HIGHER,650
392,393,Llama-3.1-8B,Baseline,25,1,High,HIGHER,2500
393,394,Llama-3.1-8B,Baseline,25,2,High,HIGHER,2500
394,395,Llama-3.1-8B,Baseline,25,3,High,HIGHER,2500
395,396,Llama-3.1-8B,Baseline,25,4,High,HIGHER,2500
396,397,Llama-3.1-8B,Baseline,25,5,High,HIGHER,2500
397,398,Llama-3.1-8B,Baseline,25,6,High,HIGHER,2500
398,399,Llama-3.1-8B,Baseline,25,7,High,HIGHER,2500
399,400,Llama-3.1-8B,Baseline,25,8,High,HIGHER,2500
400,401,DeepSeek-V3.1,Baseline,1,1,Low,HIGHER,10000
401,402,DeepSeek-V3.1,Baseline,1,2,Low,HIGHER,5000
402,403,DeepSeek-V3.1,Baseline,1,3,Low,HIGHER,10000
403,404,DeepSeek-V3.1,Baseline,1,4,Low,HIGHER,10000
404,405,DeepSeek-V3.1,Baseline,1,5,Low,HIGHER,5000
406,407,DeepSeek-V3.1,Baseline,1,7,Low,HIGHER,15000
407,408,DeepSeek-V3.1,Baseline,1,8,Low,HIGHER,10000
408,409,DeepSeek-V3.1,Baseline,1,1,High,HIGHER,12000
409,410,DeepSeek-V3.1,Baseline,1,2,High,HIGHER,12000
410,411,DeepSeek-V3.1,Baseline,1,3,High,HIGHER,11000
411,412,DeepSeek-V3.1,Baseline,1,4,High,HIGHER,12000
412,413,DeepSeek-V3.1,Baseline,1,5,High,HIGHER,10000
413,414,DeepSeek-V3.1,Baseline,1,6,High,HIGHER,12000
414,415,DeepSeek-V3.1,Baseline,1,7,High,HIGHER,10000
415,416,DeepSeek-V3.1,Baseline,1,8,High,HIGHER,11000
416,417,DeepSeek-V3.1,Baseline,2,1,Low,HIGHER,13
417,418,DeepSeek-V3.1,Baseline,2,2,Low,HIGHER,16
418,419,DeepSeek-V3.1,Baseline,2,3,Low,HIGHER,14
419,420,DeepSeek-V3.1,Baseline,2,4,Low,HIGHER,15
420,421,DeepSeek-V3.1,Baseline,2,5,Low,HIGHER,12
421,422,DeepSeek-V3.1,Baseline,2,6,Low,HIGHER,15
422,423,DeepSeek-V3.1,Baseline,2,7,Low,HIGHER,15
423,424,DeepSeek-V3.1,Baseline,2,8,Low,HIGHER,14
424,425,DeepSeek-V3.1,Baseline,2,1,High,LOWER,16
425,426,DeepSeek-V3.1,Baseline,2,2,High,LOWER,16
426,427,DeepSeek-V3.1,Baseline,2,3,High,LOWER,16
427,428,DeepSeek-V3.1,Baseline,2,4,High,LOWER,16
428,429,DeepSeek-V3.1,Baseline,2,5,High,LOWER,16
429,430,DeepSeek-V3.1,Baseline,2,6,High,LOWER,15
430,431,DeepSeek-V3.1,Baseline,2,7,High,LOWER,15
431,432,DeepSeek-V3.1,Baseline,2,8,High,LOWER,15
432,433,DeepSeek-V3.1,Baseline,3,1,Low,HIGHER,115
433,434,DeepSeek-V3.1,Baseline,3,2,Low,HIGHER,130
434,435,DeepSeek-V3.1,Baseline,3,3,Low,HIGHER,130
435,436,DeepSeek-V3.1,Baseline,3,4,Low,HIGHER,137
436,437,DeepSeek-V3.1,Baseline,3,5,Low,HIGHER,137
437,438,DeepSeek-V3.1,Baseline,3,6,Low,HIGHER,135
438,439,DeepSeek-V3.1,Baseline,3,7,Low,HIGHER,125
439,440,DeepSeek-V3.1,Baseline,3,8,Low,HIGHER,135
440,441,DeepSeek-V3.1,Baseline,3,1,High,HIGHER,264
441,442,DeepSeek-V3.1,Baseline,3,2,High,HIGHER,270
442,443,DeepSeek-V3.1,Baseline,3,3,High,HIGHER,280
443,444,DeepSeek-V3.1,Baseline,3,4,High,HIGHER,280
444,445,DeepSeek-V3.1,Baseline,3,5,High,HIGHER,150
445,446,DeepSeek-V3.1,Baseline,3,6,High,LOWER,180
447,448,DeepSeek-V3.1,Baseline,3,8,High,HIGHER,284
448,449,DeepSeek-V3.1,Baseline,4,1,Low,HIGHER,10500
449,450,DeepSeek-V3.1,Baseline,4,2,Low,HIGHER,10500
450,451,DeepSeek-V3.1,Baseline,4,3,Low,HIGHER,10500
451,452,DeepSeek-V3.1,Baseline,4,4,Low,HIGHER,10500
452,453,DeepSeek-V3.1,Baseline,4,5,Low,HIGHER,11000
453,454,DeepSeek-V3.1,Baseline,4,6,Low,HIGHER,10500
454,455,DeepSeek-V3.1,Baseline,4,7,Low,HIGHER,10500
455,456,DeepSeek-V3.1,Baseline,4,8,Low,HIGHER,11000
456,457,DeepSeek-V3.1,Baseline,4,1,High,LOWER,11000
457,458,DeepSeek-V3.1,Baseline,4,2,High,LOWER,11560
458,459,DeepSeek-V3.1,Baseline,4,3,High,LOWER,10000
459,460,DeepSeek-V3.1,Baseline,4,4,High,LOWER,10000
460,461,DeepSeek-V3.1,Baseline,4,5,High,LOWER,10000
461,462,DeepSeek-V3.1,Baseline,4,6,High,LOWER,11000
462,463,DeepSeek-V3.1,Baseline,4,7,High,LOWER,10000
463,464,DeepSeek-V3.1,Baseline,4,8,High,LOWER,10660
464,465,DeepSeek-V3.1,Baseline,5,1,Low,HIGHER,125
465,466,DeepSeek-V3.1,Baseline,5,2,Low,HIGHER,125
466,467,DeepSeek-V3.1,Baseline,5,3,Low,HIGHER,130
467,468,DeepSeek-V3.1,Baseline,5,4,Low,HIGHER,110
468,469,DeepSeek-V3.1,Baseline,5,5,Low,HIGHER,110
469,470,DeepSeek-V3.1,Baseline,5,6,Low,HIGHER,112
470,471,DeepSeek-V3.1,Baseline,5,7,Low,HIGHER,85
471,472,DeepSeek-V3.1,Baseline,5,8,Low,HIGHER,125
472,473,DeepSeek-V3.1,Baseline,5,1,High,HIGHER,155
473,474,DeepSeek-V3.1,Baseline,5,2,High,HIGHER,150
474,475,DeepSeek-V3.1,Baseline,5,3,High,HIGHER,150
475,476,DeepSeek-V3.1,Baseline,5,4,High,HIGHER,135
476,477,DeepSeek-V3.1,Baseline,5,5,High,HIGHER,150
477,478,DeepSeek-V3.1,Baseline,5,6,High,HIGHER,175
478,479,DeepSeek-V3.1,Baseline,5,7,High,HIGHER,150
479,480,DeepSeek-V3.1,Baseline,5,8,High,LOWER,95
480,481,DeepSeek-V3.1,Baseline,6,1,Low,HIGHER,60000
481,482,DeepSeek-V3.1,Baseline,6,2,Low,HIGHER,55000
482,483,DeepSeek-V3.1,Baseline,6,3,Low,HIGHER,60000
483,484,DeepSeek-V3.1,Baseline,6,4,Low,HIGHER,60000
484,485,DeepSeek-V3.1,Baseline,6,5,Low,HIGHER,55000
485,486,DeepSeek-V3.1,Baseline,6,6,Low,HIGHER,66000
486,487,DeepSeek-V3.1,Baseline,6,7,Low,HIGHER,55000
487,488,DeepSeek-V3.1,Baseline,6,8,Low,HIGHER,66000
488,489,DeepSeek-V3.1,Baseline,6,1,High,LOWER,63500
489,490,DeepSeek-V3.1,Baseline,6,2,High,LOWER,61000
490,491,DeepSeek-V3.1,Baseline,6,3,High,LOWER,61000
491,492,DeepSeek-V3.1,Baseline,6,4,High,LOWER,66000
492,493,DeepSeek-V3.1,Baseline,6,5,High,LOWER,66000
493,494,DeepSeek-V3.1,Baseline,6,6,High,LOWER,66000
494,495,DeepSeek-V3.1,Baseline,6,7,High,LOWER,67000
495,496,DeepSeek-V3.1,Baseline,6,8,High,LOWER,61000
496,497,DeepSeek-V3.1,Baseline,7,1,Low,HIGHER,31
497,498,DeepSeek-V3.1,Baseline,7,2,Low,HIGHER,28
498,499,DeepSeek-V3.1,Baseline,7,3,Low,HIGHER,28
499,500,DeepSeek-V3.1,Baseline,7,4,Low,HIGHER,28
500,501,DeepSeek-V3.1,Baseline,7,5,Low,HIGHER,30000
501,502,DeepSeek-V3.1,Baseline,7,6,Low,HIGHER,35
502,503,DeepSeek-V3.1,Baseline,7,7,Low,HIGHER,32
503,504,DeepSeek-V3.1,Baseline,7,8,Low,HIGHER,276
504,505,DeepSeek-V3.1,Baseline,7,1,High,HIGHER,87
505,506,DeepSeek-V3.1,Baseline,7,2,High,HIGHER,35
506,507,DeepSeek-V3.1,Baseline,7,3,High,HIGHER,900
507,508,DeepSeek-V3.1,Baseline,7,4,High,HIGHER,96
509,510,DeepSeek-V3.1,Baseline,7,6,High,HIGHER,30
510,511,DeepSeek-V3.1,Baseline,7,7,High,HIGHER,35
511,512,DeepSeek-V3.1,Baseline,7,8,High,HIGHER,26
512,513,DeepSeek-V3.1,Baseline,8,1,Low,LOWER,75000
513,514,DeepSeek-V3.1,Baseline,8,2,Low,HIGHER,150000
514,515,DeepSeek-V3.1,Baseline,8,3,Low,LOWER,85000
515,516,DeepSeek-V3.1,Baseline,8,4,Low,LOWER,90000
516,517,DeepSeek-V3.1,Baseline,8,5,Low,LOWER,90000
517,518,DeepSeek-V3.1,Baseline,8,6,Low,HIGHER,900000
518,519,DeepSeek-V3.1,Baseline,8,7,Low,LOWER,80000
519,520,DeepSeek-V3.1,Baseline,8,8,Low,LOWER,85000
520,521,DeepSeek-V3.1,Baseline,8,1,High,LOWER,225000
521,522,DeepSeek-V3.1,Baseline,8,2,High,LOWER,150000
522,523,DeepSeek-V3.1,Baseline,8,3,High,LOWER,250000
523,524,DeepSeek-V3.1,Baseline,8,4,High,HIGHER,450000
525,526,DeepSeek-V3.1,Baseline,8,6,High,LOWER,150000
526,527,DeepSeek-V3.1,Baseline,8,7,High,LOWER,290000
527,528,DeepSeek-V3.1,Baseline,8,8,High,LOWER,250000
528,529,DeepSeek-V3.1,Baseline,9,1,Low,HIGHER,150
529,530,DeepSeek-V3.1,Baseline,9,2,Low,HIGHER,150
530,531,DeepSeek-V3.1,Baseline,9,3,Low,LOWER,60
531,532,DeepSeek-V3.1,Baseline,9,4,Low,HIGHER,125
532,533,DeepSeek-V3.1,Baseline,9,5,Low,HIGHER,175
533,534,DeepSeek-V3.1,Baseline,9,6,Low,HIGHER,175
534,535,DeepSeek-V3.1,Baseline,9,7,Low,HIGHER,150
535,536,DeepSeek-V3.1,Baseline,9,8,Low,LOWER,60
536,537,DeepSeek-V3.1,Baseline,9,1,High,HIGHER,600
537,538,DeepSeek-V3.1,Baseline,9,2,High,HIGHER,450
538,539,DeepSeek-V3.1,Baseline,9,3,High,HIGHER,550
539,540,DeepSeek-V3.1,Baseline,9,4,High,HIGHER,550
540,541,DeepSeek-V3.1,Baseline,9,5,High,HIGHER,575
541,542,DeepSeek-V3.1,Baseline,9,6,High,HIGHER,500
542,543,DeepSeek-V3.1,Baseline,9,7,High,HIGHER,550
543,544,DeepSeek-V3.1,Baseline,9,8,High,HIGHER,550
544,545,DeepSeek-V3.1,Baseline,10,1,Low,HIGHER,89000
545,546,DeepSeek-V3.1,Baseline,10,2,Low,HIGHER,550000
546,547,DeepSeek-V3.1,Baseline,10,3,Low,HIGHER,500000
547,548,DeepSeek-V3.1,Baseline,10,4,Low,HIGHER,150000
549,550,DeepSeek-V3.1,Baseline,10,6,Low,HIGHER,500000
550,551,DeepSeek-V3.1,Baseline,10,7,Low,HIGHER,300000
551,552,DeepSeek-V3.1,Baseline,10,8,Low,HIGHER,300000
552,553,DeepSeek-V3.1,Baseline,10,1,High,HIGHER,250000
553,554,DeepSeek-V3.1,Baseline,10,2,High,HIGHER,500000
554,555,DeepSeek-V3.1,Baseline,10,3,High,HIGHER,300000
555,556,DeepSeek-V3.1,Baseline,10,4,High,LOWER,50000
556,557,DeepSeek-V3.1,Baseline,10,5,High,HIGHER,250000
557,558,DeepSeek-V3.1,Baseline,10,6,High,HIGHER,250000
558,559,DeepSeek-V3.1,Baseline,10,7,High,HIGHER,400000
559,560,DeepSeek-V3.1,Baseline,10,8,High,HIGHER,300000
560,561,DeepSeek-V3.1,Baseline,11,1,Low,HIGHER,26
561,562,DeepSeek-V3.1,Baseline,11,2,Low,HIGHER,40
562,563,DeepSeek-V3.1,Baseline,11,3,Low,HIGHER,46
563,564,DeepSeek-V3.1,Baseline,11,4,Low,HIGHER,50
564,565,DeepSeek-V3.1,Baseline,11,5,Low,HIGHER,50
565,566,DeepSeek-V3.1,Baseline,11,6,Low,HIGHER,47
566,567,DeepSeek-V3.1,Baseline,11,7,Low,HIGHER,50
567,568,DeepSeek-V3.1,Baseline,11,8,Low,LOWER,12
568,569,DeepSeek-V3.1,Baseline,11,1,High,HIGHER,75
569,570,DeepSeek-V3.1,Baseline,11,2,High,HIGHER,84
570,571,DeepSeek-V3.1,Baseline,11,3,High,LOWER,48
571,572,DeepSeek-V3.1,Baseline,11,4,High,HIGHER,80
572,573,DeepSeek-V3.1,Baseline,11,5,High,LOWER,45
573,574,DeepSeek-V3.1,Baseline,11,6,High,HIGHER,83
574,575,DeepSeek-V3.1,Baseline,11,7,High,HIGHER,87
575,576,DeepSeek-V3.1,Baseline,11,8,High,HIGHER,83
576,577,DeepSeek-V3.1,Baseline,12,1,Low,HIGHER,350
577,578,DeepSeek-V3.1,Baseline,12,2,Low,HIGHER,350
578,579,DeepSeek-V3.1,Baseline,12,3,Low,HIGHER,380
579,580,DeepSeek-V3.1,Baseline,12,4,Low,HIGHER,250
581,582,DeepSeek-V3.1,Baseline,12,6,Low,HIGHER,350
582,583,DeepSeek-V3.1,Baseline,12,7,Low,LOWER,485
583,584,DeepSeek-V3.1,Baseline,12,8,Low,HIGHER,300
584,585,DeepSeek-V3.1,Baseline,12,1,High,LOWER,290
585,586,DeepSeek-V3.1,Baseline,12,2,High,LOWER,280
586,587,DeepSeek-V3.1,Baseline,12,3,High,LOWER,280
587,588,DeepSeek-V3.1,Baseline,12,4,High,HIGHER,450
588,589,DeepSeek-V3.1,Baseline,12,5,High,LOWER,280
589,590,DeepSeek-V3.1,Baseline,12,6,High,LOWER,275
590,591,DeepSeek-V3.1,Baseline,12,7,High,LOWER,280
591,592,DeepSeek-V3.1,Baseline,12,8,High,LOWER,290
592,593,DeepSeek-V3.1,Baseline,13,1,Low,HIGHER,20000000
593,594,DeepSeek-V3.1,Baseline,13,2,Low,HIGHER,30000000
594,595,DeepSeek-V3.1,Baseline,13,3,Low,HIGHER,20000000
595,596,DeepSeek-V3.1,Baseline,13,4,Low,HIGHER,50000000
596,597,DeepSeek-V3.1,Baseline,13,5,Low,HIGHER,48000000
598,599,DeepSeek-V3.1,Baseline,13,7,Low,HIGHER,35000000
599,600,DeepSeek-V3.1,Baseline,13,8,Low,HIGHER,20000000
600,601,DeepSeek-V3.1,Baseline,13,1,High,HIGHER,51000000
601,602,DeepSeek-V3.1,Baseline,13,2,High,HIGHER,80000000
602,603,DeepSeek-V3.1,Baseline,13,3,High,HIGHER,60000000
603,604,DeepSeek-V3.1,Baseline,13,4,High,HIGHER,65000000
604,605,DeepSeek-V3.1,Baseline,13,5,High,HIGHER,80000000
605,606,DeepSeek-V3.1,Baseline,13,6,High,HIGHER,70000000
607,608,DeepSeek-V3.1,Baseline,13,8,High,HIGHER,56500000
608,609,DeepSeek-V3.1,Baseline,14,1,Low,HIGHER,2200
609,610,DeepSeek-V3.1,Baseline,14,2,Low,HIGHER,2000
610,611,DeepSeek-V3.1,Baseline,14,3,Low,LOWER,1250
611,612,DeepSeek-V3.1,Baseline,14,4,Low,HIGHER,1600
612,613,DeepSeek-V3.1,Baseline,14,5,Low,HIGHER,1541
613,614,DeepSeek-V3.1,Baseline,14,6,Low,HIGHER,1738
615,616,DeepSeek-V3.1,Baseline,14,8,Low,HIGHER,2150
616,617,DeepSeek-V3.1,Baseline,14,1,High,HIGHER,8000
617,618,DeepSeek-V3.1,Baseline,14,2,High,LOWER,3800
619,620,DeepSeek-V3.1,Baseline,14,4,High,HIGHER,6900
620,621,DeepSeek-V3.1,Baseline,14,5,High,HIGHER,7000
621,622,DeepSeek-V3.1,Baseline,14,6,High,LOWER,4300
622,623,DeepSeek-V3.1,Baseline,14,7,High,HIGHER,4800
623,624,DeepSeek-V3.1,Baseline,14,8,High,HIGHER,6600
624,625,DeepSeek-V3.1,Baseline,15,1,Low,HIGHER,850
626,627,DeepSeek-V3.1,Baseline,15,3,Low,HIGHER,750
627,628,DeepSeek-V3.1,Baseline,15,4,Low,HIGHER,850
628,629,DeepSeek-V3.1,Baseline,15,5,Low,LOWER,0
629,630,DeepSeek-V3.1,Baseline,15,6,Low,HIGHER,1515
631,632,DeepSeek-V3.1,Baseline,15,8,Low,HIGHER,700
632,633,DeepSeek-V3.1,Baseline,15,1,High,LOWER,1400
633,634,DeepSeek-V3.1,Baseline,15,2,High,LOWER,1400
634,635,DeepSeek-V3.1,Baseline,15,3,High,LOWER,1200
636,637,DeepSeek-V3.1,Baseline,15,5,High,HIGHER,2000
637,638,DeepSeek-V3.1,Baseline,15,6,High,HIGHER,1880
638,639,DeepSeek-V3.1,Baseline,15,7,High,LOWER,1100
640,641,DeepSeek-V3.1,Baseline,16,1,Low,HIGHER,128
641,642,DeepSeek-V3.1,Baseline,16,2,Low,HIGHER,175
642,643,DeepSeek-V3.1,Baseline,16,3,Low,HIGHER,350
643,644,DeepSeek-V3.1,Baseline,16,4,Low,LOWER,55
644,645,DeepSeek-V3.1,Baseline,16,5,Low,HIGHER,275
645,646,DeepSeek-V3.1,Baseline,16,6,Low,HIGHER,300
646,647,DeepSeek-V3.1,Baseline,16,7,Low,HIGHER,150
647,648,DeepSeek-V3.1,Baseline,16,8,Low,HIGHER,150
648,649,DeepSeek-V3.1,Baseline,16,1,High,HIGHER,320
649,650,DeepSeek-V3.1,Baseline,16,2,High,HIGHER,300
650,651,DeepSeek-V3.1,Baseline,16,3,High,HIGHER,300
651,652,DeepSeek-V3.1,Baseline,16,4,High,HIGHER,325
652,653,DeepSeek-V3.1,Baseline,16,5,High,HIGHER,300
653,654,DeepSeek-V3.1,Baseline,16,6,High,HIGHER,350
654,655,DeepSeek-V3.1,Baseline,16,7,High,HIGHER,325
655,656,DeepSeek-V3.1,Baseline,16,8,High,HIGHER,300
656,657,DeepSeek-V3.1,Baseline,17,1,Low,HIGHER,250000
657,658,DeepSeek-V3.1,Baseline,17,2,Low,LOWER,50000
658,659,DeepSeek-V3.1,Baseline,17,3,Low,HIGHER,250000
659,660,DeepSeek-V3.1,Baseline,17,4,Low,HIGHER,200000
660,661,DeepSeek-V3.1,Baseline,17,5,Low,HIGHER,200000
661,662,DeepSeek-V3.1,Baseline,17,6,Low,HIGHER,250000
662,663,DeepSeek-V3.1,Baseline,17,7,Low,HIGHER,500000
663,664,DeepSeek-V3.1,Baseline,17,8,Low,HIGHER,250000
664,665,DeepSeek-V3.1,Baseline,17,1,High,HIGHER,600000
665,666,DeepSeek-V3.1,Baseline,17,2,High,HIGHER,500000
666,667,DeepSeek-V3.1,Baseline,17,3,High,LOWER,100000
667,668,DeepSeek-V3.1,Baseline,17,4,High,HIGHER,500000
668,669,DeepSeek-V3.1,Baseline,17,5,High,HIGHER,650000
669,670,DeepSeek-V3.1,Baseline,17,6,High,HIGHER,750000
670,671,DeepSeek-V3.1,Baseline,17,7,High,HIGHER,500000
671,672,DeepSeek-V3.1,Baseline,17,8,High,LOWER,150000
672,673,DeepSeek-V3.1,Baseline,18,1,Low,HIGHER,75
673,674,DeepSeek-V3.1,Baseline,18,2,Low,HIGHER,65
674,675,DeepSeek-V3.1,Baseline,18,3,Low,HIGHER,75
676,677,DeepSeek-V3.1,Baseline,18,5,Low,HIGHER,75
677,678,DeepSeek-V3.1,Baseline,18,6,Low,HIGHER,65
678,679,DeepSeek-V3.1,Baseline,18,7,Low,HIGHER,75
679,680,DeepSeek-V3.1,Baseline,18,8,Low,HIGHER,125
680,681,DeepSeek-V3.1,Baseline,18,1,High,HIGHER,150
681,682,DeepSeek-V3.1,Baseline,18,2,High,HIGHER,150
682,683,DeepSeek-V3.1,Baseline,18,3,High,HIGHER,140
684,685,DeepSeek-V3.1,Baseline,18,5,High,HIGHER,150
685,686,DeepSeek-V3.1,Baseline,18,6,High,HIGHER,200
686,687,DeepSeek-V3.1,Baseline,18,7,High,HIGHER,150
687,688,DeepSeek-V3.1,Baseline,18,8,High,HIGHER,150
688,689,DeepSeek-V3.1,Baseline,19,1,Low,LOWER,45000
689,690,DeepSeek-V3.1,Baseline,19,2,Low,LOWER,50000
690,691,DeepSeek-V3.1,Baseline,19,3,Low,LOWER,55000
691,692,DeepSeek-V3.1,Baseline,19,4,Low,HIGHER,120000
692,693,DeepSeek-V3.1,Baseline,19,5,Low,LOWER,50000
693,694,DeepSeek-V3.1,Baseline,19,6,Low,HIGHER,97000
694,695,DeepSeek-V3.1,Baseline,19,7,Low,LOWER,65000
695,696,DeepSeek-V3.1,Baseline,19,8,Low,LOWER,50000
696,697,DeepSeek-V3.1,Baseline,19,1,High,LOWER,150000
697,698,DeepSeek-V3.1,Baseline,19,2,High,LOWER,175000
698,699,DeepSeek-V3.1,Baseline,19,3,High,LOWER,230000
699,700,DeepSeek-V3.1,Baseline,19,4,High,LOWER,150000
700,701,DeepSeek-V3.1,Baseline,19,5,High,LOWER,180000
701,702,DeepSeek-V3.1,Baseline,19,6,High,LOWER,185000
703,704,DeepSeek-V3.1,Baseline,19,8,High,LOWER,180000
704,705,DeepSeek-V3.1,Baseline,20,1,Low,HIGHER,1200
705,706,DeepSeek-V3.1,Baseline,20,2,Low,HIGHER,1200
706,707,DeepSeek-V3.1,Baseline,20,3,Low,HIGHER,1200
707,708,DeepSeek-V3.1,Baseline,20,4,Low,HIGHER,1000
708,709,DeepSeek-V3.1,Baseline,20,5,Low,HIGHER,1200
709,710,DeepSeek-V3.1,Baseline,20,6,Low,HIGHER,1000
710,711,DeepSeek-V3.1,Baseline,20,7,Low,HIGHER,1200
711,712,DeepSeek-V3.1,Baseline,20,8,Low,HIGHER,1200
712,713,DeepSeek-V3.1,Baseline,20,1,High,HIGHER,1300
713,714,DeepSeek-V3.1,Baseline,20,2,High,HIGHER,1450
714,715,DeepSeek-V3.1,Baseline,20,3,High,HIGHER,1400
715,716,DeepSeek-V3.1,Baseline,20,4,High,HIGHER,1300
716,717,DeepSeek-V3.1,Baseline,20,5,High,HIGHER,1200
717,718,DeepSeek-V3.1,Baseline,20,6,High,HIGHER,1400
718,719,DeepSeek-V3.1,Baseline,20,7,High,HIGHER,1250
719,720,DeepSeek-V3.1,Baseline,20,8,High,HIGHER,1250
720,721,DeepSeek-V3.1,Baseline,21,1,Low,HIGHER,1699
721,722,DeepSeek-V3.1,Baseline,21,2,Low,HIGHER,1794
722,723,DeepSeek-V3.1,Baseline,21,3,Low,HIGHER,1800
723,724,DeepSeek-V3.1,Baseline,21,4,Low,HIGHER,1900
724,725,DeepSeek-V3.1,Baseline,21,5,Low,HIGHER,1800
725,726,DeepSeek-V3.1,Baseline,21,6,Low,HIGHER,2000
726,727,DeepSeek-V3.1,Baseline,21,7,Low,HIGHER,2000
727,728,DeepSeek-V3.1,Baseline,21,8,Low,HIGHER,1800
729,730,DeepSeek-V3.1,Baseline,21,2,High,LOWER,200
730,731,DeepSeek-V3.1,Baseline,21,3,High,HIGHER,1800
731,732,DeepSeek-V3.1,Baseline,21,4,High,HIGHER,1800
732,733,DeepSeek-V3.1,Baseline,21,5,High,HIGHER,1800
733,734,DeepSeek-V3.1,Baseline,21,6,High,HIGHER,1800
734,735,DeepSeek-V3.1,Baseline,21,7,High,HIGHER,1600
735,736,DeepSeek-V3.1,Baseline,21,8,High,HIGHER,1900
736,737,DeepSeek-V3.1,Baseline,22,1,Low,HIGHER,3500
737,738,DeepSeek-V3.1,Baseline,22,2,Low,HIGHER,3500
738,739,DeepSeek-V3.1,Baseline,22,3,Low,HIGHER,4000
739,740,DeepSeek-V3.1,Baseline,22,4,Low,HIGHER,3500
740,741,DeepSeek-V3.1,Baseline,22,5,Low,HIGHER,3800
741,742,DeepSeek-V3.1,Baseline,22,6,Low,HIGHER,3500
742,743,DeepSeek-V3.1,Baseline,22,7,Low,HIGHER,3500
743,744,DeepSeek-V3.1,Baseline,22,8,Low,HIGHER,3500
744,745,DeepSeek-V3.1,Baseline,22,1,High,HIGHER,6500
745,746,DeepSeek-V3.1,Baseline,22,2,High,HIGHER,5500
747,748,DeepSeek-V3.1,Baseline,22,4,High,LOWER,4312
748,749,DeepSeek-V3.1,Baseline,22,5,High,LOWER,4000
749,750,DeepSeek-V3.1,Baseline,22,6,High,HIGHER,5700
750,751,DeepSeek-V3.1,Baseline,22,7,High,LOWER,3500
751,752,DeepSeek-V3.1,Baseline,22,8,High,HIGHER,6500
752,753,DeepSeek-V3.1,Baseline,23,1,Low,HIGHER,450
753,754,DeepSeek-V3.1,Baseline,23,2,Low,HIGHER,450
754,755,DeepSeek-V3.1,Baseline,23,3,Low,HIGHER,450
755,756,DeepSeek-V3.1,Baseline,23,4,Low,HIGHER,450
756,757,DeepSeek-V3.1,Baseline,23,5,Low,HIGHER,450
757,758,DeepSeek-V3.1,Baseline,23,6,Low,HIGHER,450
758,759,DeepSeek-V3.1,Baseline,23,7,Low,HIGHER,400
759,760,DeepSeek-V3.1,Baseline,23,8,Low,HIGHER,450
762,763,DeepSeek-V3.1,Baseline,23,3,High,HIGHER,725
763,764,DeepSeek-V3.1,Baseline,23,4,High,HIGHER,675
764,765,DeepSeek-V3.1,Baseline,23,5,High,HIGHER,800
765,766,DeepSeek-V3.1,Baseline,23,6,High,HIGHER,400
766,767,DeepSeek-V3.1,Baseline,23,7,High,HIGHER,500
767,768,DeepSeek-V3.1,Baseline,23,8,High,HIGHER,650
768,769,DeepSeek-V3.1,Baseline,24,1,Low,HIGHER,46000
769,770,DeepSeek-V3.1,Baseline,24,2,Low,HIGHER,45000
770,771,DeepSeek-V3.1,Baseline,24,3,Low,HIGHER,45000
771,772,DeepSeek-V3.1,Baseline,24,4,Low,HIGHER,44000
772,773,DeepSeek-V3.1,Baseline,24,5,Low,HIGHER,45000
773,774,DeepSeek-V3.1,Baseline,24,6,Low,HIGHER,35000
774,775,DeepSeek-V3.1,Baseline,24,7,Low,HIGHER,45000
775,776,DeepSeek-V3.1,Baseline,24,8,Low,HIGHER,46000
776,777,DeepSeek-V3.1,Baseline,24,1,High,LOWER,45000
777,778,DeepSeek-V3.1,Baseline,24,2,High,LOWER,45000
778,779,DeepSeek-V3.1,Baseline,24,3,High,LOWER,45000
779,780,DeepSeek-V3.1,Baseline,24,4,High,LOWER,50000
780,781,DeepSeek-V3.1,Baseline,24,5,High,LOWER,45000
781,782,DeepSeek-V3.1,Baseline,24,6,High,LOWER,50000
782,783,DeepSeek-V3.1,Baseline,24,7,High,LOWER,45000
783,784,DeepSeek-V3.1,Baseline,24,8,High,LOWER,45000
784,785,DeepSeek-V3.1,Baseline,25,1,Low,HIGHER,650
785,786,DeepSeek-V3.1,Baseline,25,2,Low,LOWER,250
786,787,DeepSeek-V3.1,Baseline,25,3,Low,HIGHER,650
787,788,DeepSeek-V3.1,Baseline,25,4,Low,HIGHER,900
788,789,DeepSeek-V3.1,Baseline,25,5,Low,HIGHER,480
789,790,DeepSeek-V3.1,Baseline,25,6,Low,HIGHER,0
790,791,DeepSeek-V3.1,Baseline,25,7,Low,LOWER,300
791,792,DeepSeek-V3.1,Baseline,25,8,Low,HIGHER,1250
792,793,DeepSeek-V3.1,Baseline,25,1,High,HIGHER,2100
793,794,DeepSeek-V3.1,Baseline,25,2,High,HIGHER,1850
794,795,DeepSeek-V3.1,Baseline,25,3,High,LOWER,1600
795,796,DeepSeek-V3.1,Baseline,25,4,High,LOWER,1145
796,797,DeepSeek-V3.1,Baseline,25,5,High,HIGHER,1850
797,798,DeepSeek-V3.1,Baseline,25,6,High,HIGHER,1725
798,799,DeepSeek-V3.1,Baseline,25,7,High,LOWER,1600
799,800,DeepSeek-V3.1,Baseline,25,8,High,LOWER,1100
800,801,Mistral-Large-3,Baseline,1,1,Low,HIGHER,12000
801,802,Mistral-Large-3,Baseline,1,2,Low,HIGHER,12000
802,803,Mistral-Large-3,Baseline,1,3,Low,HIGHER,12000
803,804,Mistral-Large-3,Baseline,1,4,Low,HIGHER,12000
804,805,Mistral-Large-3,Baseline,1,5,Low,HIGHER,12000
805,806,Mistral-Large-3,Baseline,1,6,Low,HIGHER,12000
806,807,Mistral-Large-3,Baseline,1,7,Low,HIGHER,12000
807,808,Mistral-Large-3,Baseline,1,8,Low,HIGHER,12000
808,809,Mistral-Large-3,Baseline,1,1,High,HIGHER,12000
809,810,Mistral-Large-3,Baseline,1,2,High,HIGHER,12000
810,811,Mistral-Large-3,Baseline,1,3,High,HIGHER,12000
811,812,Mistral-Large-3,Baseline,1,4,High,HIGHER,12000
812,813,Mistral-Large-3,Baseline,1,5,High,HIGHER,12000
813,814,Mistral-Large-3,Baseline,1,6,High,HIGHER,12000
814,815,Mistral-Large-3,Baseline,1,7,High,HIGHER,12000
815,816,Mistral-Large-3,Baseline,1,8,High,HIGHER,12000
816,817,Mistral-Large-3,Baseline,2,1,Low,HIGHER,13
817,818,Mistral-Large-3,Baseline,2,2,Low,HIGHER,12
818,819,Mistral-Large-3,Baseline,2,3,Low,HIGHER,13
819,820,Mistral-Large-3,Baseline,2,4,Low,HIGHER,13
820,821,Mistral-Large-3,Baseline,2,5,Low,HIGHER,13
821,822,Mistral-Large-3,Baseline,2,6,Low,HIGHER,13
822,823,Mistral-Large-3,Baseline,2,7,Low,HIGHER,12
823,824,Mistral-Large-3,Baseline,2,8,Low,HIGHER,13
824,825,Mistral-Large-3,Baseline,2,1,High,LOWER,15
825,826,Mistral-Large-3,Baseline,2,2,High,LOWER,15
826,827,Mistral-Large-3,Baseline,2,3,High,LOWER,15
827,828,Mistral-Large-3,Baseline,2,4,High,LOWER,15
828,829,Mistral-Large-3,Baseline,2,5,High,LOWER,15
829,830,Mistral-Large-3,Baseline,2,6,High,LOWER,15
830,831,Mistral-Large-3,Baseline,2,7,High,LOWER,15
831,832,Mistral-Large-3,Baseline,2,8,High,LOWER,15
832,833,Mistral-Large-3,Baseline,3,1,Low,HIGHER,115
833,834,Mistral-Large-3,Baseline,3,2,Low,HIGHER,115
834,835,Mistral-Large-3,Baseline,3,3,Low,HIGHER,115
835,836,Mistral-Large-3,Baseline,3,4,Low,HIGHER,115
836,837,Mistral-Large-3,Baseline,3,5,Low,HIGHER,115
837,838,Mistral-Large-3,Baseline,3,6,Low,HIGHER,115
838,839,Mistral-Large-3,Baseline,3,7,Low,HIGHER,115
839,840,Mistral-Large-3,Baseline,3,8,Low,HIGHER,115
840,841,Mistral-Large-3,Baseline,3,1,High,LOWER,150
841,842,Mistral-Large-3,Baseline,3,2,High,LOWER,150
842,843,Mistral-Large-3,Baseline,3,3,High,LOWER,150
843,844,Mistral-Large-3,Baseline,3,4,High,LOWER,150
844,845,Mistral-Large-3,Baseline,3,5,High,LOWER,150
845,846,Mistral-Large-3,Baseline,3,6,High,LOWER,150
846,847,Mistral-Large-3,Baseline,3,7,High,LOWER,150
847,848,Mistral-Large-3,Baseline,3,8,High,LOWER,150
848,849,Mistral-Large-3,Baseline,4,1,Low,LOWER,7000
849,850,Mistral-Large-3,Baseline,4,2,Low,LOWER,7000
850,851,Mistral-Large-3,Baseline,4,3,Low,LOWER,7000
851,852,Mistral-Large-3,Baseline,4,4,Low,LOWER,7500
852,853,Mistral-Large-3,Baseline,4,5,Low,LOWER,7500
853,854,Mistral-Large-3,Baseline,4,6,Low,LOWER,7500
854,855,Mistral-Large-3,Baseline,4,7,Low,LOWER,7000
855,856,Mistral-Large-3,Baseline,4,8,Low,LOWER,7000
856,857,Mistral-Large-3,Baseline,4,1,High,LOWER,11000
857,858,Mistral-Large-3,Baseline,4,2,High,LOWER,11000
858,859,Mistral-Large-3,Baseline,4,3,High,LOWER,11000
859,860,Mistral-Large-3,Baseline,4,4,High,LOWER,11000
860,861,Mistral-Large-3,Baseline,4,5,High,LOWER,11000
861,862,Mistral-Large-3,Baseline,4,6,High,LOWER,11000
862,863,Mistral-Large-3,Baseline,4,7,High,LOWER,11000
863,864,Mistral-Large-3,Baseline,4,8,High,LOWER,11000
864,865,Mistral-Large-3,Baseline,5,1,Low,HIGHER,120
865,866,Mistral-Large-3,Baseline,5,2,Low,HIGHER,120
866,867,Mistral-Large-3,Baseline,5,3,Low,HIGHER,120
867,868,Mistral-Large-3,Baseline,5,4,Low,HIGHER,120
868,869,Mistral-Large-3,Baseline,5,5,Low,HIGHER,120
869,870,Mistral-Large-3,Baseline,5,6,Low,HIGHER,120
870,871,Mistral-Large-3,Baseline,5,7,Low,HIGHER,120
871,872,Mistral-Large-3,Baseline,5,8,Low,HIGHER,120
872,873,Mistral-Large-3,Baseline,5,1,High,HIGHER,150
873,874,Mistral-Large-3,Baseline,5,2,High,HIGHER,150
874,875,Mistral-Large-3,Baseline,5,3,High,HIGHER,150
875,876,Mistral-Large-3,Baseline,5,4,High,HIGHER,150
876,877,Mistral-Large-3,Baseline,5,5,High,HIGHER,150
877,878,Mistral-Large-3,Baseline,5,6,High,HIGHER,150
878,879,Mistral-Large-3,Baseline,5,7,High,HIGHER,150
879,880,Mistral-Large-3,Baseline,5,8,High,HIGHER,150
880,881,Mistral-Large-3,Baseline,6,1,Low,HIGHER,58000
881,882,Mistral-Large-3,Baseline,6,2,Low,HIGHER,58000
882,883,Mistral-Large-3,Baseline,6,3,Low,HIGHER,58000
883,884,Mistral-Large-3,Baseline,6,4,Low,HIGHER,58000
884,885,Mistral-Large-3,Baseline,6,5,Low,HIGHER,58000
885,886,Mistral-Large-3,Baseline,6,6,Low,HIGHER,58000
886,887,Mistral-Large-3,Baseline,6,7,Low,HIGHER,58000
887,888,Mistral-Large-3,Baseline,6,8,Low,HIGHER,58000
888,889,Mistral-Large-3,Baseline,6,1,High,LOWER,58000
889,890,Mistral-Large-3,Baseline,6,2,High,LOWER,58000
890,891,Mistral-Large-3,Baseline,6,3,High,LOWER,58375
891,892,Mistral-Large-3,Baseline,6,4,High,LOWER,58000
892,893,Mistral-Large-3,Baseline,6,5,High,LOWER,58000
893,894,Mistral-Large-3,Baseline,6,6,High,LOWER,58000
894,895,Mistral-Large-3,Baseline,6,7,High,LOWER,58000
895,896,Mistral-Large-3,Baseline,6,8,High,LOWER,58000
896,897,Mistral-Large-3,Baseline,7,1,Low,HIGHER,27
897,898,Mistral-Large-3,Baseline,7,2,Low,HIGHER,27
898,899,Mistral-Large-3,Baseline,7,3,Low,HIGHER,27
899,900,Mistral-Large-3,Baseline,7,4,Low,HIGHER,27
900,901,Mistral-Large-3,Baseline,7,5,Low,HIGHER,27
901,902,Mistral-Large-3,Baseline,7,6,Low,HIGHER,27
902,903,Mistral-Large-3,Baseline,7,7,Low,HIGHER,27
903,904,Mistral-Large-3,Baseline,7,8,Low,HIGHER,27
904,905,Mistral-Large-3,Baseline,7,1,High,LOWER,55
905,906,Mistral-Large-3,Baseline,7,2,High,LOWER,35
906,907,Mistral-Large-3,Baseline,7,3,High,LOWER,55
907,908,Mistral-Large-3,Baseline,7,4,High,LOWER,55
908,909,Mistral-Large-3,Baseline,7,5,High,LOWER,55
909,910,Mistral-Large-3,Baseline,7,6,High,LOWER,55
910,911,Mistral-Large-3,Baseline,7,7,High,LOWER,55
911,912,Mistral-Large-3,Baseline,7,8,High,LOWER,55
912,913,Mistral-Large-3,Baseline,8,1,Low,LOWER,80000
913,914,Mistral-Large-3,Baseline,8,2,Low,LOWER,80000
914,915,Mistral-Large-3,Baseline,8,3,Low,LOWER,80000
915,916,Mistral-Large-3,Baseline,8,4,Low,LOWER,80000
916,917,Mistral-Large-3,Baseline,8,5,Low,LOWER,80000
917,918,Mistral-Large-3,Baseline,8,6,Low,LOWER,80000
918,919,Mistral-Large-3,Baseline,8,7,Low,LOWER,80000
919,920,Mistral-Large-3,Baseline,8,8,Low,LOWER,80000
920,921,Mistral-Large-3,Baseline,8,1,High,LOWER,300000
921,922,Mistral-Large-3,Baseline,8,2,High,LOWER,300000
922,923,Mistral-Large-3,Baseline,8,3,High,LOWER,300000
923,924,Mistral-Large-3,Baseline,8,4,High,LOWER,300000
924,925,Mistral-Large-3,Baseline,8,5,High,LOWER,300000
925,926,Mistral-Large-3,Baseline,8,6,High,LOWER,300000
926,927,Mistral-Large-3,Baseline,8,7,High,LOWER,300000
927,928,Mistral-Large-3,Baseline,8,8,High,LOWER,300000
928,929,Mistral-Large-3,Baseline,9,1,Low,HIGHER,250
929,930,Mistral-Large-3,Baseline,9,2,Low,HIGHER,250
930,931,Mistral-Large-3,Baseline,9,3,Low,HIGHER,250
931,932,Mistral-Large-3,Baseline,9,4,Low,HIGHER,250
932,933,Mistral-Large-3,Baseline,9,5,Low,HIGHER,250
933,934,Mistral-Large-3,Baseline,9,6,Low,HIGHER,250
934,935,Mistral-Large-3,Baseline,9,7,Low,HIGHER,250
935,936,Mistral-Large-3,Baseline,9,8,Low,HIGHER,250
936,937,Mistral-Large-3,Baseline,9,1,High,LOWER,250
937,938,Mistral-Large-3,Baseline,9,2,High,LOWER,250
938,939,Mistral-Large-3,Baseline,9,3,High,LOWER,250
939,940,Mistral-Large-3,Baseline,9,4,High,LOWER,250
940,941,Mistral-Large-3,Baseline,9,5,High,LOWER,250
941,942,Mistral-Large-3,Baseline,9,6,High,LOWER,250
942,943,Mistral-Large-3,Baseline,9,7,High,LOWER,250
943,944,Mistral-Large-3,Baseline,9,8,High,LOWER,250
944,945,Mistral-Large-3,Baseline,10,1,Low,HIGHER,500000
945,946,Mistral-Large-3,Baseline,10,2,Low,HIGHER,500000
946,947,Mistral-Large-3,Baseline,10,3,Low,HIGHER,500000
947,948,Mistral-Large-3,Baseline,10,4,Low,HIGHER,500000
948,949,Mistral-Large-3,Baseline,10,5,Low,HIGHER,500000
949,950,Mistral-Large-3,Baseline,10,6,Low,HIGHER,500000
950,951,Mistral-Large-3,Baseline,10,7,Low,HIGHER,500000
951,952,Mistral-Large-3,Baseline,10,8,Low,HIGHER,500000
952,953,Mistral-Large-3,Baseline,10,1,High,HIGHER,500000
953,954,Mistral-Large-3,Baseline,10,2,High,HIGHER,500000
954,955,Mistral-Large-3,Baseline,10,3,High,HIGHER,500000
955,956,Mistral-Large-3,Baseline,10,4,High,HIGHER,500000
956,957,Mistral-Large-3,Baseline,10,5,High,HIGHER,500000
957,958,Mistral-Large-3,Baseline,10,6,High,HIGHER,500000
958,959,Mistral-Large-3,Baseline,10,7,High,HIGHER,500000
959,960,Mistral-Large-3,Baseline,10,8,High,HIGHER,500000
960,961,Mistral-Large-3,Baseline,11,1,Low,HIGHER,50
961,962,Mistral-Large-3,Baseline,11,2,Low,HIGHER,50
962,963,Mistral-Large-3,Baseline,11,3,Low,HIGHER,50
963,964,Mistral-Large-3,Baseline,11,4,Low,HIGHER,50
964,965,Mistral-Large-3,Baseline,11,5,Low,HIGHER,50
965,966,Mistral-Large-3,Baseline,11,6,Low,HIGHER,50
966,967,Mistral-Large-3,Baseline,11,7,Low,HIGHER,50
967,968,Mistral-Large-3,Baseline,11,8,Low,HIGHER,50
968,969,Mistral-Large-3,Baseline,11,1,High,HIGHER,65
969,970,Mistral-Large-3,Baseline,11,2,High,HIGHER,65
970,971,Mistral-Large-3,Baseline,11,3,High,HIGHER,65
971,972,Mistral-Large-3,Baseline,11,4,High,HIGHER,65
972,973,Mistral-Large-3,Baseline,11,5,High,HIGHER,65
973,974,Mistral-Large-3,Baseline,11,6,High,HIGHER,65
974,975,Mistral-Large-3,Baseline,11,7,High,HIGHER,65
975,976,Mistral-Large-3,Baseline,11,8,High,HIGHER,65
976,977,Mistral-Large-3,Baseline,12,1,Low,HIGHER,350
977,978,Mistral-Large-3,Baseline,12,2,Low,LOWER,70
978,979,Mistral-Large-3,Baseline,12,3,Low,LOWER,70
979,980,Mistral-Large-3,Baseline,12,4,Low,HIGHER,350
980,981,Mistral-Large-3,Baseline,12,5,Low,HIGHER,350
981,982,Mistral-Large-3,Baseline,12,6,Low,LOWER,70
982,983,Mistral-Large-3,Baseline,12,7,Low,HIGHER,350
983,984,Mistral-Large-3,Baseline,12,8,Low,LOWER,70
984,985,Mistral-Large-3,Baseline,12,1,High,LOWER,300
985,986,Mistral-Large-3,Baseline,12,2,High,LOWER,300
986,987,Mistral-Large-3,Baseline,12,3,High,LOWER,300
987,988,Mistral-Large-3,Baseline,12,4,High,LOWER,300
988,989,Mistral-Large-3,Baseline,12,5,High,LOWER,300
989,990,Mistral-Large-3,Baseline,12,6,High,LOWER,300
990,991,Mistral-Large-3,Baseline,12,7,High,LOWER,300
991,992,Mistral-Large-3,Baseline,12,8,High,LOWER,300
992,993,Mistral-Large-3,Baseline,13,1,Low,HIGHER,15000000
993,994,Mistral-Large-3,Baseline,13,2,Low,HIGHER,15000000
994,995,Mistral-Large-3,Baseline,13,3,Low,HIGHER,15000000
995,996,Mistral-Large-3,Baseline,13,4,Low,HIGHER,12000000
996,997,Mistral-Large-3,Baseline,13,5,Low,HIGHER,12000000
997,998,Mistral-Large-3,Baseline,13,6,Low,HIGHER,15000000
998,999,Mistral-Large-3,Baseline,13,7,Low,HIGHER,12000000
999,1000,Mistral-Large-3,Baseline,13,8,Low,HIGHER,15000000
1000,1001,Mistral-Large-3,Baseline,13,1,High,HIGHER,50000000
1002,1003,Mistral-Large-3,Baseline,13,3,High,HIGHER,50000000
1003,1004,Mistral-Large-3,Baseline,13,4,High,HIGHER,50000000
1004,1005,Mistral-Large-3,Baseline,13,5,High,HIGHER,50000000
1005,1006,Mistral-Large-3,Baseline,13,6,High,HIGHER,50000000
1006,1007,Mistral-Large-3,Baseline,13,7,High,HIGHER,50000000
1007,1008,Mistral-Large-3,Baseline,13,8,High,HIGHER,50000000
1008,1009,Mistral-Large-3,Baseline,14,1,Low,HIGHER,1650
1009,1010,Mistral-Large-3,Baseline,14,2,Low,HIGHER,1650
1010,1011,Mistral-Large-3,Baseline,14,3,Low,HIGHER,1650
1011,1012,Mistral-Large-3,Baseline,14,4,Low,HIGHER,1650
1012,1013,Mistral-Large-3,Baseline,14,5,Low,HIGHER,1650
1013,1014,Mistral-Large-3,Baseline,14,6,Low,HIGHER,1650
1014,1015,Mistral-Large-3,Baseline,14,7,Low,HIGHER,1650
1015,1016,Mistral-Large-3,Baseline,14,8,Low,HIGHER,1650
1016,1017,Mistral-Large-3,Baseline,14,1,High,LOWER,1200
1017,1018,Mistral-Large-3,Baseline,14,2,High,LOWER,1200
1018,1019,Mistral-Large-3,Baseline,14,3,High,LOWER,1200
1019,1020,Mistral-Large-3,Baseline,14,4,High,LOWER,1200
1020,1021,Mistral-Large-3,Baseline,14,5,High,LOWER,1200
1021,1022,Mistral-Large-3,Baseline,14,6,High,LOWER,1200
1022,1023,Mistral-Large-3,Baseline,14,7,High,LOWER,1200
1023,1024,Mistral-Large-3,Baseline,14,8,High,LOWER,1200
1024,1025,Mistral-Large-3,Baseline,15,1,Low,HIGHER,3500
1025,1026,Mistral-Large-3,Baseline,15,2,Low,HIGHER,3500
1026,1027,Mistral-Large-3,Baseline,15,3,Low,HIGHER,3500
1027,1028,Mistral-Large-3,Baseline,15,4,Low,HIGHER,3500
1028,1029,Mistral-Large-3,Baseline,15,5,Low,HIGHER,3500
1029,1030,Mistral-Large-3,Baseline,15,6,Low,HIGHER,3500
1030,1031,Mistral-Large-3,Baseline,15,7,Low,HIGHER,3500
1031,1032,Mistral-Large-3,Baseline,15,8,Low,HIGHER,3500
1032,1033,Mistral-Large-3,Baseline,15,1,High,HIGHER,3500
1033,1034,Mistral-Large-3,Baseline,15,2,High,HIGHER,3500
1034,1035,Mistral-Large-3,Baseline,15,3,High,HIGHER,3500
1035,1036,Mistral-Large-3,Baseline,15,4,High,HIGHER,3500
1036,1037,Mistral-Large-3,Baseline,15,5,High,HIGHER,3500
1037,1038,Mistral-Large-3,Baseline,15,6,High,HIGHER,3500
1038,1039,Mistral-Large-3,Baseline,15,7,High,HIGHER,3500
1039,1040,Mistral-Large-3,Baseline,15,8,High,HIGHER,3500
1040,1041,Mistral-Large-3,Baseline,16,1,Low,HIGHER,120
1041,1042,Mistral-Large-3,Baseline,16,2,Low,HIGHER,120
1042,1043,Mistral-Large-3,Baseline,16,3,Low,HIGHER,120
1043,1044,Mistral-Large-3,Baseline,16,4,Low,HIGHER,120
1044,1045,Mistral-Large-3,Baseline,16,5,Low,HIGHER,120
1045,1046,Mistral-Large-3,Baseline,16,6,Low,HIGHER,120
1046,1047,Mistral-Large-3,Baseline,16,7,Low,HIGHER,120
1047,1048,Mistral-Large-3,Baseline,16,8,Low,HIGHER,120
1048,1049,Mistral-Large-3,Baseline,16,1,High,HIGHER,300
1049,1050,Mistral-Large-3,Baseline,16,2,High,HIGHER,300
1050,1051,Mistral-Large-3,Baseline,16,3,High,HIGHER,300
1051,1052,Mistral-Large-3,Baseline,16,4,High,HIGHER,300
1052,1053,Mistral-Large-3,Baseline,16,5,High,HIGHER,300
1053,1054,Mistral-Large-3,Baseline,16,6,High,HIGHER,300
1054,1055,Mistral-Large-3,Baseline,16,7,High,HIGHER,300
1055,1056,Mistral-Large-3,Baseline,16,8,High,HIGHER,300
1056,1057,Mistral-Large-3,Baseline,17,1,Low,HIGHER,150000
1057,1058,Mistral-Large-3,Baseline,17,2,Low,HIGHER,250000
1058,1059,Mistral-Large-3,Baseline,17,3,Low,HIGHER,250000
1059,1060,Mistral-Large-3,Baseline,17,4,Low,HIGHER,250000
1060,1061,Mistral-Large-3,Baseline,17,5,Low,HIGHER,250000
1061,1062,Mistral-Large-3,Baseline,17,6,Low,HIGHER,250000
1062,1063,Mistral-Large-3,Baseline,17,7,Low,HIGHER,250000
1063,1064,Mistral-Large-3,Baseline,17,8,Low,HIGHER,250000
1064,1065,Mistral-Large-3,Baseline,17,1,High,LOWER,100000
1065,1066,Mistral-Large-3,Baseline,17,2,High,LOWER,50000
1066,1067,Mistral-Large-3,Baseline,17,3,High,LOWER,100000
1067,1068,Mistral-Large-3,Baseline,17,4,High,LOWER,100000
1068,1069,Mistral-Large-3,Baseline,17,5,High,LOWER,50000
1069,1070,Mistral-Large-3,Baseline,17,6,High,LOWER,50000
1070,1071,Mistral-Large-3,Baseline,17,7,High,LOWER,100000
1071,1072,Mistral-Large-3,Baseline,17,8,High,LOWER,100000
1072,1073,Mistral-Large-3,Baseline,18,1,Low,HIGHER,150
1073,1074,Mistral-Large-3,Baseline,18,2,Low,HIGHER,150
1074,1075,Mistral-Large-3,Baseline,18,3,Low,HIGHER,150
1075,1076,Mistral-Large-3,Baseline,18,4,Low,HIGHER,150
1076,1077,Mistral-Large-3,Baseline,18,5,Low,HIGHER,150
1077,1078,Mistral-Large-3,Baseline,18,6,Low,HIGHER,150
1078,1079,Mistral-Large-3,Baseline,18,7,Low,HIGHER,150
1079,1080,Mistral-Large-3,Baseline,18,8,Low,HIGHER,150
1080,1081,Mistral-Large-3,Baseline,18,1,High,HIGHER,150
1081,1082,Mistral-Large-3,Baseline,18,2,High,HIGHER,150
1082,1083,Mistral-Large-3,Baseline,18,3,High,HIGHER,150
1083,1084,Mistral-Large-3,Baseline,18,4,High,HIGHER,150
1084,1085,Mistral-Large-3,Baseline,18,5,High,HIGHER,150
1085,1086,Mistral-Large-3,Baseline,18,6,High,HIGHER,150
1086,1087,Mistral-Large-3,Baseline,18,7,High,HIGHER,150
1087,1088,Mistral-Large-3,Baseline,18,8,High,HIGHER,150
1088,1089,Mistral-Large-3,Baseline,19,1,Low,LOWER,60000
1089,1090,Mistral-Large-3,Baseline,19,2,Low,LOWER,60000
1090,1091,Mistral-Large-3,Baseline,19,3,Low,LOWER,60000
1091,1092,Mistral-Large-3,Baseline,19,4,Low,LOWER,60000
1092,1093,Mistral-Large-3,Baseline,19,5,Low,LOWER,60000
1093,1094,Mistral-Large-3,Baseline,19,6,Low,LOWER,60000
1094,1095,Mistral-Large-3,Baseline,19,7,Low,LOWER,60000
1095,1096,Mistral-Large-3,Baseline,19,8,Low,LOWER,60000
1096,1097,Mistral-Large-3,Baseline,19,1,High,LOWER,250000
1097,1098,Mistral-Large-3,Baseline,19,2,High,LOWER,250000
1098,1099,Mistral-Large-3,Baseline,19,3,High,LOWER,250000
1099,1100,Mistral-Large-3,Baseline,19,4,High,LOWER,250000
1100,1101,Mistral-Large-3,Baseline,19,5,High,LOWER,250000
1101,1102,Mistral-Large-3,Baseline,19,6,High,LOWER,250000
1102,1103,Mistral-Large-3,Baseline,19,7,High,LOWER,250000
1103,1104,Mistral-Large-3,Baseline,19,8,High,LOWER,250000
1104,1105,Mistral-Large-3,Baseline,20,1,Low,HIGHER,1200
1105,1106,Mistral-Large-3,Baseline,20,2,Low,HIGHER,1200
1106,1107,Mistral-Large-3,Baseline,20,3,Low,HIGHER,1200
1107,1108,Mistral-Large-3,Baseline,20,4,Low,HIGHER,1200
1108,1109,Mistral-Large-3,Baseline,20,5,Low,HIGHER,1200
1109,1110,Mistral-Large-3,Baseline,20,6,Low,HIGHER,1200
1110,1111,Mistral-Large-3,Baseline,20,7,Low,HIGHER,1200
1111,1112,Mistral-Large-3,Baseline,20,8,Low,HIGHER,1200
1112,1113,Mistral-Large-3,Baseline,20,1,High,HIGHER,1800
1113,1114,Mistral-Large-3,Baseline,20,2,High,HIGHER,1800
1114,1115,Mistral-Large-3,Baseline,20,3,High,HIGHER,1800
1115,1116,Mistral-Large-3,Baseline,20,4,High,HIGHER,1800
1116,1117,Mistral-Large-3,Baseline,20,5,High,HIGHER,1800
1117,1118,Mistral-Large-3,Baseline,20,6,High,HIGHER,1800
1118,1119,Mistral-Large-3,Baseline,20,7,High,HIGHER,1800
1119,1120,Mistral-Large-3,Baseline,20,8,High,HIGHER,1800
1120,1121,Mistral-Large-3,Baseline,21,1,Low,HIGHER,1800
1121,1122,Mistral-Large-3,Baseline,21,2,Low,HIGHER,1800
1122,1123,Mistral-Large-3,Baseline,21,3,Low,HIGHER,1800
1123,1124,Mistral-Large-3,Baseline,21,4,Low,HIGHER,1800
1124,1125,Mistral-Large-3,Baseline,21,5,Low,HIGHER,1800
1125,1126,Mistral-Large-3,Baseline,21,6,Low,HIGHER,1800
1126,1127,Mistral-Large-3,Baseline,21,7,Low,HIGHER,1800
1127,1128,Mistral-Large-3,Baseline,21,8,Low,HIGHER,1800
1128,1129,Mistral-Large-3,Baseline,21,1,High,HIGHER,1800
1129,1130,Mistral-Large-3,Baseline,21,2,High,HIGHER,1800
1130,1131,Mistral-Large-3,Baseline,21,3,High,HIGHER,1800
1131,1132,Mistral-Large-3,Baseline,21,4,High,HIGHER,1800
1132,1133,Mistral-Large-3,Baseline,21,5,High,LOWER,1800
1133,1134,Mistral-Large-3,Baseline,21,6,High,HIGHER,1800
1134,1135,Mistral-Large-3,Baseline,21,7,High,HIGHER,1800
1135,1136,Mistral-Large-3,Baseline,21,8,High,HIGHER,1800
1136,1137,Mistral-Large-3,Baseline,22,1,Low,HIGHER,3700
1137,1138,Mistral-Large-3,Baseline,22,2,Low,HIGHER,3700
1138,1139,Mistral-Large-3,Baseline,22,3,Low,HIGHER,3700
1139,1140,Mistral-Large-3,Baseline,22,4,Low,HIGHER,3700
1140,1141,Mistral-Large-3,Baseline,22,5,Low,HIGHER,3700
1141,1142,Mistral-Large-3,Baseline,22,6,Low,HIGHER,3700
1142,1143,Mistral-Large-3,Baseline,22,7,Low,HIGHER,3700
1143,1144,Mistral-Large-3,Baseline,22,8,Low,HIGHER,3700
1144,1145,Mistral-Large-3,Baseline,22,1,High,LOWER,3700
1145,1146,Mistral-Large-3,Baseline,22,2,High,LOWER,3700
1146,1147,Mistral-Large-3,Baseline,22,3,High,LOWER,3700
1147,1148,Mistral-Large-3,Baseline,22,4,High,LOWER,3700
1148,1149,Mistral-Large-3,Baseline,22,5,High,LOWER,3700
1149,1150,Mistral-Large-3,Baseline,22,6,High,LOWER,3700
1150,1151,Mistral-Large-3,Baseline,22,7,High,LOWER,3700
1151,1152,Mistral-Large-3,Baseline,22,8,High,LOWER,3700
1152,1153,Mistral-Large-3,Baseline,23,1,Low,HIGHER,300
1153,1154,Mistral-Large-3,Baseline,23,2,Low,HIGHER,300
1154,1155,Mistral-Large-3,Baseline,23,3,Low,HIGHER,300
1155,1156,Mistral-Large-3,Baseline,23,4,Low,HIGHER,300
1156,1157,Mistral-Large-3,Baseline,23,5,Low,HIGHER,300
1157,1158,Mistral-Large-3,Baseline,23,6,Low,HIGHER,300
1158,1159,Mistral-Large-3,Baseline,23,7,Low,HIGHER,300
1159,1160,Mistral-Large-3,Baseline,23,8,Low,HIGHER,300
1160,1161,Mistral-Large-3,Baseline,23,1,High,HIGHER,700
1161,1162,Mistral-Large-3,Baseline,23,2,High,HIGHER,700
1162,1163,Mistral-Large-3,Baseline,23,3,High,HIGHER,700
1163,1164,Mistral-Large-3,Baseline,23,4,High,HIGHER,700
1164,1165,Mistral-Large-3,Baseline,23,5,High,HIGHER,700
1165,1166,Mistral-Large-3,Baseline,23,6,High,HIGHER,700
1166,1167,Mistral-Large-3,Baseline,23,7,High,HIGHER,700
1167,1168,Mistral-Large-3,Baseline,23,8,High,HIGHER,700
1168,1169,Mistral-Large-3,Baseline,24,1,Low,HIGHER,44000
1169,1170,Mistral-Large-3,Baseline,24,2,Low,HIGHER,44000
1170,1171,Mistral-Large-3,Baseline,24,3,Low,HIGHER,44000
1171,1172,Mistral-Large-3,Baseline,24,4,Low,HIGHER,44000
1172,1173,Mistral-Large-3,Baseline,24,5,Low,HIGHER,44000
1173,1174,Mistral-Large-3,Baseline,24,6,Low,HIGHER,44000
1174,1175,Mistral-Large-3,Baseline,24,7,Low,HIGHER,44000
1175,1176,Mistral-Large-3,Baseline,24,8,Low,HIGHER,44000
1176,1177,Mistral-Large-3,Baseline,24,1,High,LOWER,45000
1177,1178,Mistral-Large-3,Baseline,24,2,High,LOWER,45000
1178,1179,Mistral-Large-3,Baseline,24,3,High,LOWER,45000
1179,1180,Mistral-Large-3,Baseline,24,4,High,LOWER,45000
1180,1181,Mistral-Large-3,Baseline,24,5,High,LOWER,45000
1181,1182,Mistral-Large-3,Baseline,24,6,High,LOWER,45000
1182,1183,Mistral-Large-3,Baseline,24,7,High,LOWER,45000
1183,1184,Mistral-Large-3,Baseline,24,8,High,LOWER,45000
1184,1185,Mistral-Large-3,Baseline,25,1,Low,HIGHER,1200
1185,1186,Mistral-Large-3,Baseline,25,2,Low,HIGHER,1200
1186,1187,Mistral-Large-3,Baseline,25,3,Low,HIGHER,1200
1187,1188,Mistral-Large-3,Baseline,25,4,Low,HIGHER,1200
1188,1189,Mistral-Large-3,Baseline,25,5,Low,HIGHER,1200
1189,1190,Mistral-Large-3,Baseline,25,6,Low,HIGHER,1200
1190,1191,Mistral-Large-3,Baseline,25,7,Low,HIGHER,1200
1191,1192,Mistral-Large-3,Baseline,25,8,Low,HIGHER,1200
1192,1193,Mistral-Large-3,Baseline,25,1,High,HIGHER,1800
1193,1194,Mistral-Large-3,Baseline,25,2,High,HIGHER,1800
1194,1195,Mistral-Large-3,Baseline,25,3,High,HIGHER,1800
1195,1196,Mistral-Large-3,Baseline,25,4,High,HIGHER,1800
1196,1197,Mistral-Large-3,Baseline,25,5,High,HIGHER,1800
1197,1198,Mistral-Large-3,Baseline,25,6,High,HIGHER,1800
1198,1199,Mistral-Large-3,Baseline,25,7,High,HIGHER,1800
1199,1200,Mistral-Large-3,Baseline,25,8,High,HIGHER,1800
