Trial_Id,Model,Experiment,Question_Num,Repeat_Num,Anchor_Type,Comparison,Estimate
1,Llama-3.1-8B,Baseline,1,1,Low,HIGHER,15000.0
2,Llama-3.1-8B,Baseline,1,2,Low,HIGHER,12000.0
3,Llama-3.1-8B,Baseline,1,3,Low,HIGHER,15000.0
4,Llama-3.1-8B,Baseline,1,4,Low,HIGHER,15000.0
5,Llama-3.1-8B,Baseline,1,5,Low,HIGHER,15000.0
6,Llama-3.1-8B,Baseline,1,6,Low,HIGHER,15000.0
7,Llama-3.1-8B,Baseline,1,7,Low,HIGHER,15000.0
8,Llama-3.1-8B,Baseline,1,8,Low,HIGHER,15000.0
9,Llama-3.1-8B,Baseline,1,1,High,HIGHER,12000.0
10,Llama-3.1-8B,Baseline,1,2,High,,
11,Llama-3.1-8B,Baseline,1,3,High,,
12,Llama-3.1-8B,Baseline,1,4,High,HIGHER,12000.0
13,Llama-3.1-8B,Baseline,1,5,High,HIGHER,12000.0
14,Llama-3.1-8B,Baseline,1,6,High,HIGHER,12000.0
15,Llama-3.1-8B,Baseline,1,7,High,HIGHER,15000.0
16,Llama-3.1-8B,Baseline,1,8,High,HIGHER,12000.0
17,Llama-3.1-8B,Baseline,2,1,Low,HIGHER,950.0
18,Llama-3.1-8B,Baseline,2,2,Low,HIGHER,1050.0
19,Llama-3.1-8B,Baseline,2,3,Low,HIGHER,1050.0
20,Llama-3.1-8B,Baseline,2,4,Low,,
21,Llama-3.1-8B,Baseline,2,5,Low,,
22,Llama-3.1-8B,Baseline,2,6,Low,HIGHER,950.0
23,Llama-3.1-8B,Baseline,2,7,Low,HIGHER,950.0
24,Llama-3.1-8B,Baseline,2,8,Low,,
25,Llama-3.1-8B,Baseline,2,1,High,LOWER,20.0
26,Llama-3.1-8B,Baseline,2,2,High,LOWER,18.0
27,Llama-3.1-8B,Baseline,2,3,High,HIGHER,1850.0
28,Llama-3.1-8B,Baseline,2,4,High,HIGHER,18.0
29,Llama-3.1-8B,Baseline,2,5,High,HIGHER,18.0
30,Llama-3.1-8B,Baseline,2,6,High,HIGHER,18.0
31,Llama-3.1-8B,Baseline,2,7,High,HIGHER,18.0
32,Llama-3.1-8B,Baseline,2,8,High,,
33,Llama-3.1-8B,Baseline,3,1,Low,HIGHER,120.0
34,Llama-3.1-8B,Baseline,3,2,Low,HIGHER,120.0
35,Llama-3.1-8B,Baseline,3,3,Low,HIGHER,120.0
36,Llama-3.1-8B,Baseline,3,4,Low,HIGHER,120.0
37,Llama-3.1-8B,Baseline,3,5,Low,HIGHER,120.0
38,Llama-3.1-8B,Baseline,3,6,Low,HIGHER,120.0
39,Llama-3.1-8B,Baseline,3,7,Low,HIGHER,120.0
40,Llama-3.1-8B,Baseline,3,8,Low,HIGHER,120.0
41,Llama-3.1-8B,Baseline,3,1,High,HIGHER,300.0
42,Llama-3.1-8B,Baseline,3,2,High,HIGHER,300.0
43,Llama-3.1-8B,Baseline,3,3,High,HIGHER,300.0
44,Llama-3.1-8B,Baseline,3,4,High,HIGHER,300.0
45,Llama-3.1-8B,Baseline,3,5,High,HIGHER,300.0
46,Llama-3.1-8B,Baseline,3,6,High,HIGHER,260.0
47,Llama-3.1-8B,Baseline,3,7,High,HIGHER,300.0
48,Llama-3.1-8B,Baseline,3,8,High,HIGHER,300.0
49,Llama-3.1-8B,Baseline,4,1,Low,HIGHER,10440.0
50,Llama-3.1-8B,Baseline,4,2,Low,HIGHER,10000.0
51,Llama-3.1-8B,Baseline,4,3,Low,HIGHER,10000.0
52,Llama-3.1-8B,Baseline,4,4,Low,HIGHER,10440.0
53,Llama-3.1-8B,Baseline,4,5,Low,HIGHER,10000.0
54,Llama-3.1-8B,Baseline,4,6,Low,HIGHER,10000.0
55,Llama-3.1-8B,Baseline,4,7,Low,HIGHER,10000.0
56,Llama-3.1-8B,Baseline,4,8,Low,HIGHER,10000.0
57,Llama-3.1-8B,Baseline,4,1,High,HIGHER,10000.0
58,Llama-3.1-8B,Baseline,4,2,High,HIGHER,10000.0
59,Llama-3.1-8B,Baseline,4,3,High,HIGHER,10000.0
60,Llama-3.1-8B,Baseline,4,4,High,HIGHER,12000.0
61,Llama-3.1-8B,Baseline,4,5,High,HIGHER,10000.0
62,Llama-3.1-8B,Baseline,4,6,High,HIGHER,10000.0
63,Llama-3.1-8B,Baseline,4,7,High,HIGHER,10700.0
64,Llama-3.1-8B,Baseline,4,8,High,HIGHER,10300.0
65,Llama-3.1-8B,Baseline,5,1,Low,HIGHER,65.0
66,Llama-3.1-8B,Baseline,5,2,Low,HIGHER,65.0
67,Llama-3.1-8B,Baseline,5,3,Low,HIGHER,55.0
68,Llama-3.1-8B,Baseline,5,4,Low,HIGHER,65.0
69,Llama-3.1-8B,Baseline,5,5,Low,HIGHER,65.0
70,Llama-3.1-8B,Baseline,5,6,Low,,
71,Llama-3.1-8B,Baseline,5,7,Low,HIGHER,60.0
72,Llama-3.1-8B,Baseline,5,8,Low,HIGHER,65.0
73,Llama-3.1-8B,Baseline,5,1,High,,
74,Llama-3.1-8B,Baseline,5,2,High,,
75,Llama-3.1-8B,Baseline,5,3,High,HIGHER,150.0
76,Llama-3.1-8B,Baseline,5,4,High,HIGHER,145.0
77,Llama-3.1-8B,Baseline,5,5,High,,
78,Llama-3.1-8B,Baseline,5,6,High,HIGHER,150.0
79,Llama-3.1-8B,Baseline,5,7,High,HIGHER,130.0
80,Llama-3.1-8B,Baseline,5,8,High,HIGHER,130.0
81,Llama-3.1-8B,Baseline,6,1,Low,HIGHER,38000.0
82,Llama-3.1-8B,Baseline,6,2,Low,HIGHER,35000.0
83,Llama-3.1-8B,Baseline,6,3,Low,HIGHER,35000.0
84,Llama-3.1-8B,Baseline,6,4,Low,HIGHER,35000.0
85,Llama-3.1-8B,Baseline,6,5,Low,HIGHER,38000.0
86,Llama-3.1-8B,Baseline,6,6,Low,HIGHER,38000.0
87,Llama-3.1-8B,Baseline,6,7,Low,HIGHER,35000.0
88,Llama-3.1-8B,Baseline,6,8,Low,HIGHER,35000.0
89,Llama-3.1-8B,Baseline,6,1,High,HIGHER,45000.0
90,Llama-3.1-8B,Baseline,6,2,High,HIGHER,45000.0
91,Llama-3.1-8B,Baseline,6,3,High,HIGHER,45000.0
92,Llama-3.1-8B,Baseline,6,4,High,HIGHER,45000.0
93,Llama-3.1-8B,Baseline,6,5,High,HIGHER,45000.0
94,Llama-3.1-8B,Baseline,6,6,High,,
95,Llama-3.1-8B,Baseline,6,7,High,HIGHER,45000.0
96,Llama-3.1-8B,Baseline,6,8,High,HIGHER,45000.0
97,Llama-3.1-8B,Baseline,7,1,Low,HIGHER,32.0
98,Llama-3.1-8B,Baseline,7,2,Low,HIGHER,30.0
99,Llama-3.1-8B,Baseline,7,3,Low,HIGHER,32.0
100,Llama-3.1-8B,Baseline,7,4,Low,HIGHER,32.0
101,Llama-3.1-8B,Baseline,7,5,Low,HIGHER,32.0
102,Llama-3.1-8B,Baseline,7,6,Low,HIGHER,30.0
103,Llama-3.1-8B,Baseline,7,7,Low,HIGHER,32.0
104,Llama-3.1-8B,Baseline,7,8,Low,HIGHER,32.0
105,Llama-3.1-8B,Baseline,7,1,High,HIGHER,105.0
106,Llama-3.1-8B,Baseline,7,2,High,HIGHER,102.0
107,Llama-3.1-8B,Baseline,7,3,High,HIGHER,105.0
108,Llama-3.1-8B,Baseline,7,4,High,HIGHER,55.0
109,Llama-3.1-8B,Baseline,7,5,High,HIGHER,32.0
110,Llama-3.1-8B,Baseline,7,6,High,HIGHER,93.0
111,Llama-3.1-8B,Baseline,7,7,High,HIGHER,90.0
112,Llama-3.1-8B,Baseline,7,8,High,HIGHER,105.0
113,Llama-3.1-8B,Baseline,8,1,Low,HIGHER,250000.0
114,Llama-3.1-8B,Baseline,8,2,Low,HIGHER,250000.0
115,Llama-3.1-8B,Baseline,8,3,Low,HIGHER,250000.0
116,Llama-3.1-8B,Baseline,8,4,Low,HIGHER,250000.0
117,Llama-3.1-8B,Baseline,8,5,Low,HIGHER,250000.0
118,Llama-3.1-8B,Baseline,8,6,Low,HIGHER,250000.0
119,Llama-3.1-8B,Baseline,8,7,Low,HIGHER,250000.0
120,Llama-3.1-8B,Baseline,8,8,Low,HIGHER,250000.0
121,Llama-3.1-8B,Baseline,8,1,High,HIGHER,750000.0
122,Llama-3.1-8B,Baseline,8,2,High,HIGHER,550000.0
123,Llama-3.1-8B,Baseline,8,3,High,HIGHER,250000.0
124,Llama-3.1-8B,Baseline,8,4,High,,
125,Llama-3.1-8B,Baseline,8,5,High,HIGHER,250000.0
126,Llama-3.1-8B,Baseline,8,6,High,HIGHER,250000.0
127,Llama-3.1-8B,Baseline,8,7,High,HIGHER,250000.0
128,Llama-3.1-8B,Baseline,8,8,High,HIGHER,250000.0
129,Llama-3.1-8B,Baseline,9,1,Low,HIGHER,125.0
130,Llama-3.1-8B,Baseline,9,2,Low,HIGHER,125.0
131,Llama-3.1-8B,Baseline,9,3,Low,HIGHER,125.0
132,Llama-3.1-8B,Baseline,9,4,Low,HIGHER,120.0
133,Llama-3.1-8B,Baseline,9,5,Low,HIGHER,125.0
134,Llama-3.1-8B,Baseline,9,6,Low,HIGHER,120.0
135,Llama-3.1-8B,Baseline,9,7,Low,HIGHER,125.0
136,Llama-3.1-8B,Baseline,9,8,Low,HIGHER,120.0
137,Llama-3.1-8B,Baseline,9,1,High,HIGHER,650.0
138,Llama-3.1-8B,Baseline,9,2,High,HIGHER,550.0
139,Llama-3.1-8B,Baseline,9,3,High,HIGHER,550.0
140,Llama-3.1-8B,Baseline,9,4,High,HIGHER,550.0
141,Llama-3.1-8B,Baseline,9,5,High,HIGHER,650.0
142,Llama-3.1-8B,Baseline,9,6,High,HIGHER,540.0
143,Llama-3.1-8B,Baseline,9,7,High,HIGHER,550.0
144,Llama-3.1-8B,Baseline,9,8,High,HIGHER,550.0
145,Llama-3.1-8B,Baseline,10,1,Low,HIGHER,35000.0
146,Llama-3.1-8B,Baseline,10,2,Low,HIGHER,50000.0
147,Llama-3.1-8B,Baseline,10,3,Low,HIGHER,50000.0
148,Llama-3.1-8B,Baseline,10,4,Low,HIGHER,35000.0
149,Llama-3.1-8B,Baseline,10,5,Low,HIGHER,50000.0
150,Llama-3.1-8B,Baseline,10,6,Low,HIGHER,50000.0
151,Llama-3.1-8B,Baseline,10,7,Low,HIGHER,35000.0
152,Llama-3.1-8B,Baseline,10,8,Low,HIGHER,35000.0
153,Llama-3.1-8B,Baseline,10,1,High,HIGHER,150000.0
154,Llama-3.1-8B,Baseline,10,2,High,HIGHER,150000.0
155,Llama-3.1-8B,Baseline,10,3,High,HIGHER,150000.0
156,Llama-3.1-8B,Baseline,10,4,High,HIGHER,250000.0
157,Llama-3.1-8B,Baseline,10,5,High,HIGHER,250000.0
158,Llama-3.1-8B,Baseline,10,6,High,HIGHER,120000.0
159,Llama-3.1-8B,Baseline,10,7,High,HIGHER,120000.0
160,Llama-3.1-8B,Baseline,10,8,High,HIGHER,150000.0
161,Llama-3.1-8B,Baseline,11,1,Low,HIGHER,30.0
162,Llama-3.1-8B,Baseline,11,2,Low,HIGHER,30.0
163,Llama-3.1-8B,Baseline,11,3,Low,HIGHER,35.0
164,Llama-3.1-8B,Baseline,11,4,Low,HIGHER,30.0
165,Llama-3.1-8B,Baseline,11,5,Low,HIGHER,30.0
166,Llama-3.1-8B,Baseline,11,6,Low,HIGHER,25.0
167,Llama-3.1-8B,Baseline,11,7,Low,HIGHER,25.0
168,Llama-3.1-8B,Baseline,11,8,Low,HIGHER,30.0
169,Llama-3.1-8B,Baseline,11,1,High,HIGHER,65.0
170,Llama-3.1-8B,Baseline,11,2,High,HIGHER,75.0
171,Llama-3.1-8B,Baseline,11,3,High,HIGHER,75.0
172,Llama-3.1-8B,Baseline,11,4,High,HIGHER,85.0
173,Llama-3.1-8B,Baseline,11,5,High,HIGHER,65.0
174,Llama-3.1-8B,Baseline,11,6,High,HIGHER,105.0
175,Llama-3.1-8B,Baseline,11,7,High,HIGHER,85.0
176,Llama-3.1-8B,Baseline,11,8,High,HIGHER,85.0
177,Llama-3.1-8B,Baseline,12,1,Low,HIGHER,120.0
178,Llama-3.1-8B,Baseline,12,2,Low,HIGHER,120.0
179,Llama-3.1-8B,Baseline,12,3,Low,HIGHER,120.0
180,Llama-3.1-8B,Baseline,12,4,Low,HIGHER,120.0
181,Llama-3.1-8B,Baseline,12,5,Low,HIGHER,120.0
182,Llama-3.1-8B,Baseline,12,6,Low,HIGHER,120.0
183,Llama-3.1-8B,Baseline,12,7,Low,HIGHER,120.0
184,Llama-3.1-8B,Baseline,12,8,Low,HIGHER,120.0
185,Llama-3.1-8B,Baseline,12,1,High,HIGHER,450.0
186,Llama-3.1-8B,Baseline,12,2,High,HIGHER,400.0
187,Llama-3.1-8B,Baseline,12,3,High,HIGHER,400.0
188,Llama-3.1-8B,Baseline,12,4,High,HIGHER,400.0
189,Llama-3.1-8B,Baseline,12,5,High,HIGHER,400.0
190,Llama-3.1-8B,Baseline,12,6,High,HIGHER,450.0
191,Llama-3.1-8B,Baseline,12,7,High,HIGHER,450.0
192,Llama-3.1-8B,Baseline,12,8,High,HIGHER,400.0
193,Llama-3.1-8B,Baseline,13,1,Low,HIGHER,25000000.0
194,Llama-3.1-8B,Baseline,13,2,Low,HIGHER,15000000.0
195,Llama-3.1-8B,Baseline,13,3,Low,HIGHER,25000000.0
196,Llama-3.1-8B,Baseline,13,4,Low,HIGHER,25000000.0
197,Llama-3.1-8B,Baseline,13,5,Low,HIGHER,15000000.0
198,Llama-3.1-8B,Baseline,13,6,Low,HIGHER,15000000.0
199,Llama-3.1-8B,Baseline,13,7,Low,HIGHER,15000000.0
200,Llama-3.1-8B,Baseline,13,8,Low,HIGHER,15000000.0
201,Llama-3.1-8B,Baseline,13,1,High,HIGHER,15000000.0
202,Llama-3.1-8B,Baseline,13,2,High,HIGHER,25000000.0
203,Llama-3.1-8B,Baseline,13,3,High,HIGHER,25000000.0
204,Llama-3.1-8B,Baseline,13,4,High,HIGHER,15000000.0
205,Llama-3.1-8B,Baseline,13,5,High,HIGHER,50000000.0
206,Llama-3.1-8B,Baseline,13,6,High,HIGHER,50000000.0
207,Llama-3.1-8B,Baseline,13,7,High,HIGHER,100000000.0
208,Llama-3.1-8B,Baseline,13,8,High,HIGHER,15000000.0
209,Llama-3.1-8B,Baseline,14,1,Low,HIGHER,2400.0
210,Llama-3.1-8B,Baseline,14,2,Low,HIGHER,2200.0
211,Llama-3.1-8B,Baseline,14,3,Low,HIGHER,2500.0
212,Llama-3.1-8B,Baseline,14,4,Low,HIGHER,2500.0
213,Llama-3.1-8B,Baseline,14,5,Low,HIGHER,2200.0
214,Llama-3.1-8B,Baseline,14,6,Low,HIGHER,2200.0
215,Llama-3.1-8B,Baseline,14,7,Low,HIGHER,2100.0
216,Llama-3.1-8B,Baseline,14,8,Low,HIGHER,2400.0
217,Llama-3.1-8B,Baseline,14,1,High,HIGHER,8500.0
218,Llama-3.1-8B,Baseline,14,2,High,HIGHER,8500.0
219,Llama-3.1-8B,Baseline,14,3,High,HIGHER,8500.0
220,Llama-3.1-8B,Baseline,14,4,High,HIGHER,7500.0
221,Llama-3.1-8B,Baseline,14,5,High,HIGHER,8000.0
222,Llama-3.1-8B,Baseline,14,6,High,HIGHER,6500.0
223,Llama-3.1-8B,Baseline,14,7,High,HIGHER,7500.0
224,Llama-3.1-8B,Baseline,14,8,High,HIGHER,7500.0
225,Llama-3.1-8B,Baseline,15,1,Low,HIGHER,550.0
226,Llama-3.1-8B,Baseline,15,2,Low,HIGHER,550.0
227,Llama-3.1-8B,Baseline,15,3,Low,HIGHER,550.0
228,Llama-3.1-8B,Baseline,15,4,Low,HIGHER,550.0
229,Llama-3.1-8B,Baseline,15,5,Low,HIGHER,550.0
230,Llama-3.1-8B,Baseline,15,6,Low,HIGHER,550.0
231,Llama-3.1-8B,Baseline,15,7,Low,HIGHER,550.0
232,Llama-3.1-8B,Baseline,15,8,Low,HIGHER,530.0
233,Llama-3.1-8B,Baseline,15,1,High,HIGHER,2000.0
234,Llama-3.1-8B,Baseline,15,2,High,HIGHER,1850.0
235,Llama-3.1-8B,Baseline,15,3,High,HIGHER,1800.0
236,Llama-3.1-8B,Baseline,15,4,High,HIGHER,1750.0
237,Llama-3.1-8B,Baseline,15,5,High,HIGHER,1800.0
238,Llama-3.1-8B,Baseline,15,6,High,HIGHER,1700.0
239,Llama-3.1-8B,Baseline,15,7,High,HIGHER,2200.0
240,Llama-3.1-8B,Baseline,15,8,High,HIGHER,2500.0
241,Llama-3.1-8B,Baseline,16,1,Low,,
242,Llama-3.1-8B,Baseline,16,2,Low,HIGHER,55.0
243,Llama-3.1-8B,Baseline,16,3,Low,HIGHER,55.0
244,Llama-3.1-8B,Baseline,16,4,Low,HIGHER,55.0
245,Llama-3.1-8B,Baseline,16,5,Low,HIGHER,55.0
246,Llama-3.1-8B,Baseline,16,6,Low,HIGHER,55.0
247,Llama-3.1-8B,Baseline,16,7,Low,HIGHER,55.0
248,Llama-3.1-8B,Baseline,16,8,Low,HIGHER,55.0
249,Llama-3.1-8B,Baseline,16,1,High,,
250,Llama-3.1-8B,Baseline,16,2,High,,
251,Llama-3.1-8B,Baseline,16,3,High,,
252,Llama-3.1-8B,Baseline,16,4,High,HIGHER,175.0
253,Llama-3.1-8B,Baseline,16,5,High,,
254,Llama-3.1-8B,Baseline,16,6,High,,
255,Llama-3.1-8B,Baseline,16,7,High,,
256,Llama-3.1-8B,Baseline,16,8,High,,
257,Llama-3.1-8B,Baseline,17,1,Low,HIGHER,150000.0
258,Llama-3.1-8B,Baseline,17,2,Low,HIGHER,150000.0
259,Llama-3.1-8B,Baseline,17,3,Low,HIGHER,150000.0
260,Llama-3.1-8B,Baseline,17,4,Low,HIGHER,150000.0
261,Llama-3.1-8B,Baseline,17,5,Low,HIGHER,150000.0
262,Llama-3.1-8B,Baseline,17,6,Low,HIGHER,150000.0
263,Llama-3.1-8B,Baseline,17,7,Low,HIGHER,150000.0
264,Llama-3.1-8B,Baseline,17,8,Low,HIGHER,200000.0
265,Llama-3.1-8B,Baseline,17,1,High,HIGHER,150000.0
266,Llama-3.1-8B,Baseline,17,2,High,HIGHER,750000.0
267,Llama-3.1-8B,Baseline,17,3,High,HIGHER,1000000.0
268,Llama-3.1-8B,Baseline,17,4,High,HIGHER,1500000.0
269,Llama-3.1-8B,Baseline,17,5,High,,
270,Llama-3.1-8B,Baseline,17,6,High,HIGHER,750000.0
271,Llama-3.1-8B,Baseline,17,7,High,HIGHER,700000.0
272,Llama-3.1-8B,Baseline,17,8,High,HIGHER,750000.0
273,Llama-3.1-8B,Baseline,18,1,Low,HIGHER,50.0
274,Llama-3.1-8B,Baseline,18,2,Low,HIGHER,50.0
275,Llama-3.1-8B,Baseline,18,3,Low,HIGHER,50.0
276,Llama-3.1-8B,Baseline,18,4,Low,HIGHER,40.0
277,Llama-3.1-8B,Baseline,18,5,Low,HIGHER,40.0
278,Llama-3.1-8B,Baseline,18,6,Low,HIGHER,40.0
279,Llama-3.1-8B,Baseline,18,7,Low,HIGHER,40.0
280,Llama-3.1-8B,Baseline,18,8,Low,HIGHER,40.0
281,Llama-3.1-8B,Baseline,18,1,High,HIGHER,150.0
282,Llama-3.1-8B,Baseline,18,2,High,HIGHER,150.0
283,Llama-3.1-8B,Baseline,18,3,High,HIGHER,150.0
284,Llama-3.1-8B,Baseline,18,4,High,HIGHER,150.0
285,Llama-3.1-8B,Baseline,18,5,High,HIGHER,120.0
286,Llama-3.1-8B,Baseline,18,6,High,HIGHER,150.0
287,Llama-3.1-8B,Baseline,18,7,High,HIGHER,150.0
288,Llama-3.1-8B,Baseline,18,8,High,HIGHER,120.0
289,Llama-3.1-8B,Baseline,19,1,Low,HIGHER,55000.0
290,Llama-3.1-8B,Baseline,19,2,Low,HIGHER,120000.0
291,Llama-3.1-8B,Baseline,19,3,Low,HIGHER,60000.0
292,Llama-3.1-8B,Baseline,19,4,Low,HIGHER,55000.0
293,Llama-3.1-8B,Baseline,19,5,Low,HIGHER,120000.0
294,Llama-3.1-8B,Baseline,19,6,Low,HIGHER,55000.0
295,Llama-3.1-8B,Baseline,19,7,Low,HIGHER,55000.0
296,Llama-3.1-8B,Baseline,19,8,Low,HIGHER,120000.0
297,Llama-3.1-8B,Baseline,19,1,High,HIGHER,250000.0
298,Llama-3.1-8B,Baseline,19,2,High,HIGHER,250000.0
299,Llama-3.1-8B,Baseline,19,3,High,HIGHER,250000.0
300,Llama-3.1-8B,Baseline,19,4,High,HIGHER,250000.0
301,Llama-3.1-8B,Baseline,19,5,High,HIGHER,250000.0
302,Llama-3.1-8B,Baseline,19,6,High,HIGHER,250000.0
303,Llama-3.1-8B,Baseline,19,7,High,HIGHER,250000.0
304,Llama-3.1-8B,Baseline,19,8,High,HIGHER,250000.0
305,Llama-3.1-8B,Baseline,20,1,Low,HIGHER,1000.0
306,Llama-3.1-8B,Baseline,20,2,Low,HIGHER,1000.0
307,Llama-3.1-8B,Baseline,20,3,Low,HIGHER,1100.0
308,Llama-3.1-8B,Baseline,20,4,Low,HIGHER,1200.0
309,Llama-3.1-8B,Baseline,20,5,Low,HIGHER,1200.0
310,Llama-3.1-8B,Baseline,20,6,Low,HIGHER,1200.0
311,Llama-3.1-8B,Baseline,20,7,Low,HIGHER,1200.0
312,Llama-3.1-8B,Baseline,20,8,Low,HIGHER,1200.0
313,Llama-3.1-8B,Baseline,20,1,High,HIGHER,1800.0
314,Llama-3.1-8B,Baseline,20,2,High,HIGHER,1800.0
315,Llama-3.1-8B,Baseline,20,3,High,HIGHER,1800.0
316,Llama-3.1-8B,Baseline,20,4,High,HIGHER,1800.0
317,Llama-3.1-8B,Baseline,20,5,High,HIGHER,1800.0
318,Llama-3.1-8B,Baseline,20,6,High,HIGHER,1800.0
319,Llama-3.1-8B,Baseline,20,7,High,HIGHER,1800.0
320,Llama-3.1-8B,Baseline,20,8,High,HIGHER,1700.0
321,Llama-3.1-8B,Baseline,21,1,Low,,
322,Llama-3.1-8B,Baseline,21,2,Low,HIGHER,1200.0
323,Llama-3.1-8B,Baseline,21,3,Low,HIGHER,1300.0
324,Llama-3.1-8B,Baseline,21,4,Low,HIGHER,1300.0
325,Llama-3.1-8B,Baseline,21,5,Low,HIGHER,1300.0
326,Llama-3.1-8B,Baseline,21,6,Low,HIGHER,1400.0
327,Llama-3.1-8B,Baseline,21,7,Low,HIGHER,1300.0
328,Llama-3.1-8B,Baseline,21,8,Low,HIGHER,1400.0
329,Llama-3.1-8B,Baseline,21,1,High,HIGHER,1200.0
330,Llama-3.1-8B,Baseline,21,2,High,HIGHER,1400.0
331,Llama-3.1-8B,Baseline,21,3,High,HIGHER,1300.0
332,Llama-3.1-8B,Baseline,21,4,High,HIGHER,1200.0
333,Llama-3.1-8B,Baseline,21,5,High,HIGHER,1300.0
334,Llama-3.1-8B,Baseline,21,6,High,HIGHER,1400.0
335,Llama-3.1-8B,Baseline,21,7,High,HIGHER,1400.0
336,Llama-3.1-8B,Baseline,21,8,High,HIGHER,1400.0
337,Llama-3.1-8B,Baseline,22,1,Low,HIGHER,1800.0
338,Llama-3.1-8B,Baseline,22,2,Low,HIGHER,1800.0
339,Llama-3.1-8B,Baseline,22,3,Low,HIGHER,1800.0
340,Llama-3.1-8B,Baseline,22,4,Low,HIGHER,1800.0
341,Llama-3.1-8B,Baseline,22,5,Low,HIGHER,1800.0
342,Llama-3.1-8B,Baseline,22,6,Low,HIGHER,1800.0
343,Llama-3.1-8B,Baseline,22,7,Low,HIGHER,1500.0
344,Llama-3.1-8B,Baseline,22,8,Low,HIGHER,1800.0
345,Llama-3.1-8B,Baseline,22,1,High,HIGHER,5500.0
346,Llama-3.1-8B,Baseline,22,2,High,HIGHER,5500.0
347,Llama-3.1-8B,Baseline,22,3,High,HIGHER,5500.0
348,Llama-3.1-8B,Baseline,22,4,High,HIGHER,5500.0
349,Llama-3.1-8B,Baseline,22,5,High,HIGHER,5500.0
350,Llama-3.1-8B,Baseline,22,6,High,HIGHER,5500.0
351,Llama-3.1-8B,Baseline,22,7,High,HIGHER,5500.0
352,Llama-3.1-8B,Baseline,22,8,High,HIGHER,6500.0
353,Llama-3.1-8B,Baseline,23,1,Low,HIGHER,250.0
354,Llama-3.1-8B,Baseline,23,2,Low,HIGHER,250.0
355,Llama-3.1-8B,Baseline,23,3,Low,HIGHER,250.0
356,Llama-3.1-8B,Baseline,23,4,Low,HIGHER,250.0
357,Llama-3.1-8B,Baseline,23,5,Low,HIGHER,250.0
358,Llama-3.1-8B,Baseline,23,6,Low,HIGHER,250.0
359,Llama-3.1-8B,Baseline,23,7,Low,HIGHER,250.0
360,Llama-3.1-8B,Baseline,23,8,Low,HIGHER,250.0
361,Llama-3.1-8B,Baseline,23,1,High,HIGHER,800.0
362,Llama-3.1-8B,Baseline,23,2,High,HIGHER,800.0
363,Llama-3.1-8B,Baseline,23,3,High,HIGHER,800.0
364,Llama-3.1-8B,Baseline,23,4,High,HIGHER,800.0
365,Llama-3.1-8B,Baseline,23,5,High,HIGHER,800.0
366,Llama-3.1-8B,Baseline,23,6,High,,
367,Llama-3.1-8B,Baseline,23,7,High,HIGHER,800.0
368,Llama-3.1-8B,Baseline,23,8,High,HIGHER,750.0
369,Llama-3.1-8B,Baseline,24,1,Low,,
370,Llama-3.1-8B,Baseline,24,2,Low,HIGHER,60000.0
371,Llama-3.1-8B,Baseline,24,3,Low,HIGHER,60000.0
372,Llama-3.1-8B,Baseline,24,4,Low,HIGHER,60000.0
373,Llama-3.1-8B,Baseline,24,5,Low,,
374,Llama-3.1-8B,Baseline,24,6,Low,,
375,Llama-3.1-8B,Baseline,24,7,Low,,
376,Llama-3.1-8B,Baseline,24,8,Low,HIGHER,60000.0
377,Llama-3.1-8B,Baseline,24,1,High,,
378,Llama-3.1-8B,Baseline,24,2,High,,
379,Llama-3.1-8B,Baseline,24,3,High,,
380,Llama-3.1-8B,Baseline,24,4,High,,
381,Llama-3.1-8B,Baseline,24,5,High,,
382,Llama-3.1-8B,Baseline,24,6,High,,
383,Llama-3.1-8B,Baseline,24,7,High,,
384,Llama-3.1-8B,Baseline,24,8,High,,
385,Llama-3.1-8B,Baseline,25,1,Low,HIGHER,1200.0
386,Llama-3.1-8B,Baseline,25,2,Low,HIGHER,600.0
387,Llama-3.1-8B,Baseline,25,3,Low,HIGHER,550.0
388,Llama-3.1-8B,Baseline,25,4,Low,HIGHER,550.0
389,Llama-3.1-8B,Baseline,25,5,Low,HIGHER,600.0
390,Llama-3.1-8B,Baseline,25,6,Low,HIGHER,1200.0
391,Llama-3.1-8B,Baseline,25,7,Low,HIGHER,1200.0
392,Llama-3.1-8B,Baseline,25,8,Low,HIGHER,650.0
393,Llama-3.1-8B,Baseline,25,1,High,HIGHER,2500.0
394,Llama-3.1-8B,Baseline,25,2,High,HIGHER,2500.0
395,Llama-3.1-8B,Baseline,25,3,High,HIGHER,2500.0
396,Llama-3.1-8B,Baseline,25,4,High,HIGHER,2500.0
397,Llama-3.1-8B,Baseline,25,5,High,HIGHER,2500.0
398,Llama-3.1-8B,Baseline,25,6,High,HIGHER,2500.0
399,Llama-3.1-8B,Baseline,25,7,High,HIGHER,2500.0
400,Llama-3.1-8B,Baseline,25,8,High,HIGHER,2500.0
401,DeepSeek-V3.1,Baseline,1,1,Low,HIGHER,10000
402,DeepSeek-V3.1,Baseline,1,2,Low,HIGHER,5000
403,DeepSeek-V3.1,Baseline,1,3,Low,HIGHER,10000
404,DeepSeek-V3.1,Baseline,1,4,Low,HIGHER,10000
405,DeepSeek-V3.1,Baseline,1,5,Low,HIGHER,5000
406,DeepSeek-V3.1,Baseline,1,6,Low,,2000
407,DeepSeek-V3.1,Baseline,1,7,Low,HIGHER,15000
408,DeepSeek-V3.1,Baseline,1,8,Low,HIGHER,10000
409,DeepSeek-V3.1,Baseline,1,1,High,HIGHER,12000
410,DeepSeek-V3.1,Baseline,1,2,High,HIGHER,12000
411,DeepSeek-V3.1,Baseline,1,3,High,HIGHER,11000
412,DeepSeek-V3.1,Baseline,1,4,High,HIGHER,12000
413,DeepSeek-V3.1,Baseline,1,5,High,HIGHER,10000
414,DeepSeek-V3.1,Baseline,1,6,High,HIGHER,12000
415,DeepSeek-V3.1,Baseline,1,7,High,HIGHER,10000
416,DeepSeek-V3.1,Baseline,1,8,High,HIGHER,11000
417,DeepSeek-V3.1,Baseline,2,1,Low,HIGHER,13
418,DeepSeek-V3.1,Baseline,2,2,Low,HIGHER,16
419,DeepSeek-V3.1,Baseline,2,3,Low,HIGHER,14
420,DeepSeek-V3.1,Baseline,2,4,Low,HIGHER,15
421,DeepSeek-V3.1,Baseline,2,5,Low,HIGHER,12
422,DeepSeek-V3.1,Baseline,2,6,Low,HIGHER,15
423,DeepSeek-V3.1,Baseline,2,7,Low,HIGHER,15
424,DeepSeek-V3.1,Baseline,2,8,Low,HIGHER,14
425,DeepSeek-V3.1,Baseline,2,1,High,LOWER,16
426,DeepSeek-V3.1,Baseline,2,2,High,LOWER,16
427,DeepSeek-V3.1,Baseline,2,3,High,LOWER,16
428,DeepSeek-V3.1,Baseline,2,4,High,LOWER,16
429,DeepSeek-V3.1,Baseline,2,5,High,LOWER,16
430,DeepSeek-V3.1,Baseline,2,6,High,LOWER,15
431,DeepSeek-V3.1,Baseline,2,7,High,LOWER,15
432,DeepSeek-V3.1,Baseline,2,8,High,LOWER,15
433,DeepSeek-V3.1,Baseline,3,1,Low,HIGHER,115
434,DeepSeek-V3.1,Baseline,3,2,Low,HIGHER,130
435,DeepSeek-V3.1,Baseline,3,3,Low,HIGHER,130
436,DeepSeek-V3.1,Baseline,3,4,Low,HIGHER,137
437,DeepSeek-V3.1,Baseline,3,5,Low,HIGHER,137
438,DeepSeek-V3.1,Baseline,3,6,Low,HIGHER,135
439,DeepSeek-V3.1,Baseline,3,7,Low,HIGHER,125
440,DeepSeek-V3.1,Baseline,3,8,Low,HIGHER,135
441,DeepSeek-V3.1,Baseline,3,1,High,HIGHER,264
442,DeepSeek-V3.1,Baseline,3,2,High,HIGHER,270
443,DeepSeek-V3.1,Baseline,3,3,High,HIGHER,280
444,DeepSeek-V3.1,Baseline,3,4,High,HIGHER,280
445,DeepSeek-V3.1,Baseline,3,5,High,HIGHER,150
446,DeepSeek-V3.1,Baseline,3,6,High,LOWER,180
447,DeepSeek-V3.1,Baseline,3,7,High,[CANNOT DETERMINE WITHOUT DATA],
448,DeepSeek-V3.1,Baseline,3,8,High,HIGHER,284
449,DeepSeek-V3.1,Baseline,4,1,Low,HIGHER,10500
450,DeepSeek-V3.1,Baseline,4,2,Low,HIGHER,10500
451,DeepSeek-V3.1,Baseline,4,3,Low,HIGHER,10500
452,DeepSeek-V3.1,Baseline,4,4,Low,HIGHER,10500
453,DeepSeek-V3.1,Baseline,4,5,Low,HIGHER,11000
454,DeepSeek-V3.1,Baseline,4,6,Low,HIGHER,10500
455,DeepSeek-V3.1,Baseline,4,7,Low,HIGHER,10500
456,DeepSeek-V3.1,Baseline,4,8,Low,HIGHER,11000
457,DeepSeek-V3.1,Baseline,4,1,High,LOWER,11000
458,DeepSeek-V3.1,Baseline,4,2,High,LOWER,11560
459,DeepSeek-V3.1,Baseline,4,3,High,LOWER,10000
460,DeepSeek-V3.1,Baseline,4,4,High,LOWER,10000
461,DeepSeek-V3.1,Baseline,4,5,High,LOWER,10000
462,DeepSeek-V3.1,Baseline,4,6,High,LOWER,11000
463,DeepSeek-V3.1,Baseline,4,7,High,LOWER,10000
464,DeepSeek-V3.1,Baseline,4,8,High,LOWER,10660
465,DeepSeek-V3.1,Baseline,5,1,Low,HIGHER,125
466,DeepSeek-V3.1,Baseline,5,2,Low,HIGHER,125
467,DeepSeek-V3.1,Baseline,5,3,Low,HIGHER,130
468,DeepSeek-V3.1,Baseline,5,4,Low,HIGHER,110
469,DeepSeek-V3.1,Baseline,5,5,Low,HIGHER,110
470,DeepSeek-V3.1,Baseline,5,6,Low,HIGHER,112
471,DeepSeek-V3.1,Baseline,5,7,Low,HIGHER,85
472,DeepSeek-V3.1,Baseline,5,8,Low,HIGHER,125
473,DeepSeek-V3.1,Baseline,5,1,High,HIGHER,155
474,DeepSeek-V3.1,Baseline,5,2,High,HIGHER,150
475,DeepSeek-V3.1,Baseline,5,3,High,HIGHER,150
476,DeepSeek-V3.1,Baseline,5,4,High,HIGHER,135
477,DeepSeek-V3.1,Baseline,5,5,High,HIGHER,150
478,DeepSeek-V3.1,Baseline,5,6,High,HIGHER,175
479,DeepSeek-V3.1,Baseline,5,7,High,HIGHER,150
480,DeepSeek-V3.1,Baseline,5,8,High,LOWER,95
481,DeepSeek-V3.1,Baseline,6,1,Low,HIGHER,60000
482,DeepSeek-V3.1,Baseline,6,2,Low,HIGHER,55000
483,DeepSeek-V3.1,Baseline,6,3,Low,HIGHER,60000
484,DeepSeek-V3.1,Baseline,6,4,Low,HIGHER,60000
485,DeepSeek-V3.1,Baseline,6,5,Low,HIGHER,55000
486,DeepSeek-V3.1,Baseline,6,6,Low,HIGHER,66000
487,DeepSeek-V3.1,Baseline,6,7,Low,HIGHER,55000
488,DeepSeek-V3.1,Baseline,6,8,Low,HIGHER,66000
489,DeepSeek-V3.1,Baseline,6,1,High,LOWER,63500
490,DeepSeek-V3.1,Baseline,6,2,High,LOWER,61000
491,DeepSeek-V3.1,Baseline,6,3,High,LOWER,61000
492,DeepSeek-V3.1,Baseline,6,4,High,LOWER,66000
493,DeepSeek-V3.1,Baseline,6,5,High,LOWER,66000
494,DeepSeek-V3.1,Baseline,6,6,High,LOWER,66000
495,DeepSeek-V3.1,Baseline,6,7,High,LOWER,67000
496,DeepSeek-V3.1,Baseline,6,8,High,LOWER,61000
497,DeepSeek-V3.1,Baseline,7,1,Low,HIGHER,31
498,DeepSeek-V3.1,Baseline,7,2,Low,HIGHER,28
499,DeepSeek-V3.1,Baseline,7,3,Low,HIGHER,28
500,DeepSeek-V3.1,Baseline,7,4,Low,HIGHER,28
501,DeepSeek-V3.1,Baseline,7,5,Low,HIGHER,30000
502,DeepSeek-V3.1,Baseline,7,6,Low,HIGHER,35
503,DeepSeek-V3.1,Baseline,7,7,Low,HIGHER,32
504,DeepSeek-V3.1,Baseline,7,8,Low,HIGHER,276
505,DeepSeek-V3.1,Baseline,7,1,High,HIGHER,87
506,DeepSeek-V3.1,Baseline,7,2,High,HIGHER,35
507,DeepSeek-V3.1,Baseline,7,3,High,HIGHER,900
508,DeepSeek-V3.1,Baseline,7,4,High,HIGHER,96
509,DeepSeek-V3.1,Baseline,7,5,High,,80
510,DeepSeek-V3.1,Baseline,7,6,High,HIGHER,30
511,DeepSeek-V3.1,Baseline,7,7,High,HIGHER,35
512,DeepSeek-V3.1,Baseline,7,8,High,HIGHER,26
513,DeepSeek-V3.1,Baseline,8,1,Low,LOWER,75000
514,DeepSeek-V3.1,Baseline,8,2,Low,HIGHER,150000
515,DeepSeek-V3.1,Baseline,8,3,Low,LOWER,85000
516,DeepSeek-V3.1,Baseline,8,4,Low,LOWER,90000
517,DeepSeek-V3.1,Baseline,8,5,Low,LOWER,90000
518,DeepSeek-V3.1,Baseline,8,6,Low,HIGHER,900000
519,DeepSeek-V3.1,Baseline,8,7,Low,LOWER,80000
520,DeepSeek-V3.1,Baseline,8,8,Low,LOWER,85000
521,DeepSeek-V3.1,Baseline,8,1,High,LOWER,225000
522,DeepSeek-V3.1,Baseline,8,2,High,LOWER,150000
523,DeepSeek-V3.1,Baseline,8,3,High,LOWER,250000
524,DeepSeek-V3.1,Baseline,8,4,High,HIGHER,450000
525,DeepSeek-V3.1,Baseline,8,5,High,,465000400000
526,DeepSeek-V3.1,Baseline,8,6,High,LOWER,150000
527,DeepSeek-V3.1,Baseline,8,7,High,LOWER,290000
528,DeepSeek-V3.1,Baseline,8,8,High,LOWER,250000
529,DeepSeek-V3.1,Baseline,9,1,Low,HIGHER,150
530,DeepSeek-V3.1,Baseline,9,2,Low,HIGHER,150
531,DeepSeek-V3.1,Baseline,9,3,Low,LOWER,60
532,DeepSeek-V3.1,Baseline,9,4,Low,HIGHER,125
533,DeepSeek-V3.1,Baseline,9,5,Low,HIGHER,175
534,DeepSeek-V3.1,Baseline,9,6,Low,HIGHER,175
535,DeepSeek-V3.1,Baseline,9,7,Low,HIGHER,150
536,DeepSeek-V3.1,Baseline,9,8,Low,LOWER,60
537,DeepSeek-V3.1,Baseline,9,1,High,HIGHER,600
538,DeepSeek-V3.1,Baseline,9,2,High,HIGHER,450
539,DeepSeek-V3.1,Baseline,9,3,High,HIGHER,550
540,DeepSeek-V3.1,Baseline,9,4,High,HIGHER,550
541,DeepSeek-V3.1,Baseline,9,5,High,HIGHER,575
542,DeepSeek-V3.1,Baseline,9,6,High,HIGHER,500
543,DeepSeek-V3.1,Baseline,9,7,High,HIGHER,550
544,DeepSeek-V3.1,Baseline,9,8,High,HIGHER,550
545,DeepSeek-V3.1,Baseline,10,1,Low,HIGHER,89000
546,DeepSeek-V3.1,Baseline,10,2,Low,HIGHER,550000
547,DeepSeek-V3.1,Baseline,10,3,Low,HIGHER,500000
548,DeepSeek-V3.1,Baseline,10,4,Low,HIGHER,150000
549,DeepSeek-V3.1,Baseline,10,5,Low,,1020
550,DeepSeek-V3.1,Baseline,10,6,Low,HIGHER,500000
551,DeepSeek-V3.1,Baseline,10,7,Low,HIGHER,300000
552,DeepSeek-V3.1,Baseline,10,8,Low,HIGHER,300000
553,DeepSeek-V3.1,Baseline,10,1,High,HIGHER,250000
554,DeepSeek-V3.1,Baseline,10,2,High,HIGHER,500000
555,DeepSeek-V3.1,Baseline,10,3,High,HIGHER,300000
556,DeepSeek-V3.1,Baseline,10,4,High,LOWER,50000
557,DeepSeek-V3.1,Baseline,10,5,High,HIGHER,250000
558,DeepSeek-V3.1,Baseline,10,6,High,HIGHER,250000
559,DeepSeek-V3.1,Baseline,10,7,High,HIGHER,400000
560,DeepSeek-V3.1,Baseline,10,8,High,HIGHER,300000
561,DeepSeek-V3.1,Baseline,11,1,Low,HIGHER,26
562,DeepSeek-V3.1,Baseline,11,2,Low,HIGHER,40
563,DeepSeek-V3.1,Baseline,11,3,Low,HIGHER,46
564,DeepSeek-V3.1,Baseline,11,4,Low,HIGHER,50
565,DeepSeek-V3.1,Baseline,11,5,Low,HIGHER,50
566,DeepSeek-V3.1,Baseline,11,6,Low,HIGHER,47
567,DeepSeek-V3.1,Baseline,11,7,Low,HIGHER,50
568,DeepSeek-V3.1,Baseline,11,8,Low,LOWER,12
569,DeepSeek-V3.1,Baseline,11,1,High,HIGHER,75
570,DeepSeek-V3.1,Baseline,11,2,High,HIGHER,84
571,DeepSeek-V3.1,Baseline,11,3,High,LOWER,48
572,DeepSeek-V3.1,Baseline,11,4,High,HIGHER,80
573,DeepSeek-V3.1,Baseline,11,5,High,LOWER,45
574,DeepSeek-V3.1,Baseline,11,6,High,HIGHER,83
575,DeepSeek-V3.1,Baseline,11,7,High,HIGHER,87
576,DeepSeek-V3.1,Baseline,11,8,High,HIGHER,83
577,DeepSeek-V3.1,Baseline,12,1,Low,HIGHER,350
578,DeepSeek-V3.1,Baseline,12,2,Low,HIGHER,350
579,DeepSeek-V3.1,Baseline,12,3,Low,HIGHER,380
580,DeepSeek-V3.1,Baseline,12,4,Low,HIGHER,250
581,DeepSeek-V3.1,Baseline,12,5,Low,,800
582,DeepSeek-V3.1,Baseline,12,6,Low,HIGHER,350
583,DeepSeek-V3.1,Baseline,12,7,Low,LOWER,485
584,DeepSeek-V3.1,Baseline,12,8,Low,HIGHER,300
585,DeepSeek-V3.1,Baseline,12,1,High,LOWER,290
586,DeepSeek-V3.1,Baseline,12,2,High,LOWER,280
587,DeepSeek-V3.1,Baseline,12,3,High,LOWER,280
588,DeepSeek-V3.1,Baseline,12,4,High,HIGHER,450
589,DeepSeek-V3.1,Baseline,12,5,High,LOWER,280
590,DeepSeek-V3.1,Baseline,12,6,High,LOWER,275
591,DeepSeek-V3.1,Baseline,12,7,High,LOWER,280
592,DeepSeek-V3.1,Baseline,12,8,High,LOWER,290
593,DeepSeek-V3.1,Baseline,13,1,Low,HIGHER,20000000
594,DeepSeek-V3.1,Baseline,13,2,Low,HIGHER,30000000
595,DeepSeek-V3.1,Baseline,13,3,Low,HIGHER,20000000
596,DeepSeek-V3.1,Baseline,13,4,Low,HIGHER,50000000
597,DeepSeek-V3.1,Baseline,13,5,Low,HIGHER,48000000
598,DeepSeek-V3.1,Baseline,13,6,Low,HIGHER,100000000
599,DeepSeek-V3.1,Baseline,13,7,Low,HIGHER,35000000
600,DeepSeek-V3.1,Baseline,13,8,Low,HIGHER,20000000
601,DeepSeek-V3.1,Baseline,13,1,High,HIGHER,51000000
602,DeepSeek-V3.1,Baseline,13,2,High,HIGHER,80000000
603,DeepSeek-V3.1,Baseline,13,3,High,HIGHER,60000000
604,DeepSeek-V3.1,Baseline,13,4,High,HIGHER,65000000
605,DeepSeek-V3.1,Baseline,13,5,High,HIGHER,80000000
606,DeepSeek-V3.1,Baseline,13,6,High,HIGHER,70000000
607,DeepSeek-V3.1,Baseline,13,7,High,,
608,DeepSeek-V3.1,Baseline,13,8,High,HIGHER,56500000
609,DeepSeek-V3.1,Baseline,14,1,Low,HIGHER,2200
610,DeepSeek-V3.1,Baseline,14,2,Low,HIGHER,2000
611,DeepSeek-V3.1,Baseline,14,3,Low,LOWER,1250
612,DeepSeek-V3.1,Baseline,14,4,Low,HIGHER,1600
613,DeepSeek-V3.1,Baseline,14,5,Low,HIGHER,1541
614,DeepSeek-V3.1,Baseline,14,6,Low,HIGHER,1738
615,DeepSeek-V3.1,Baseline,14,7,Low,[UNABLE TO DETERMINE],
616,DeepSeek-V3.1,Baseline,14,8,Low,HIGHER,2150
617,DeepSeek-V3.1,Baseline,14,1,High,HIGHER,8000
618,DeepSeek-V3.1,Baseline,14,2,High,LOWER,3800
619,DeepSeek-V3.1,Baseline,14,3,High,,
620,DeepSeek-V3.1,Baseline,14,4,High,HIGHER,6900
621,DeepSeek-V3.1,Baseline,14,5,High,HIGHER,7000
622,DeepSeek-V3.1,Baseline,14,6,High,LOWER,4300
623,DeepSeek-V3.1,Baseline,14,7,High,HIGHER,4800
624,DeepSeek-V3.1,Baseline,14,8,High,HIGHER,6600
625,DeepSeek-V3.1,Baseline,15,1,Low,HIGHER,850
626,DeepSeek-V3.1,Baseline,15,2,Low,,4004004002000300040040035400
627,DeepSeek-V3.1,Baseline,15,3,Low,HIGHER,750
628,DeepSeek-V3.1,Baseline,15,4,Low,HIGHER,850
629,DeepSeek-V3.1,Baseline,15,5,Low,LOWER,0
630,DeepSeek-V3.1,Baseline,15,6,Low,HIGHER,1515
631,DeepSeek-V3.1,Baseline,15,7,Low,,
632,DeepSeek-V3.1,Baseline,15,8,Low,HIGHER,700
633,DeepSeek-V3.1,Baseline,15,1,High,LOWER,1400
634,DeepSeek-V3.1,Baseline,15,2,High,LOWER,1400
635,DeepSeek-V3.1,Baseline,15,3,High,LOWER,1200
636,DeepSeek-V3.1,Baseline,15,4,High,,1600
637,DeepSeek-V3.1,Baseline,15,5,High,HIGHER,2000
638,DeepSeek-V3.1,Baseline,15,6,High,HIGHER,1880
639,DeepSeek-V3.1,Baseline,15,7,High,LOWER,1100
640,DeepSeek-V3.1,Baseline,15,8,High,,
641,DeepSeek-V3.1,Baseline,16,1,Low,HIGHER,128
642,DeepSeek-V3.1,Baseline,16,2,Low,HIGHER,175
643,DeepSeek-V3.1,Baseline,16,3,Low,HIGHER,350
644,DeepSeek-V3.1,Baseline,16,4,Low,LOWER,55
645,DeepSeek-V3.1,Baseline,16,5,Low,HIGHER,275
646,DeepSeek-V3.1,Baseline,16,6,Low,HIGHER,300
647,DeepSeek-V3.1,Baseline,16,7,Low,HIGHER,150
648,DeepSeek-V3.1,Baseline,16,8,Low,HIGHER,150
649,DeepSeek-V3.1,Baseline,16,1,High,HIGHER,320
650,DeepSeek-V3.1,Baseline,16,2,High,HIGHER,300
651,DeepSeek-V3.1,Baseline,16,3,High,HIGHER,300
652,DeepSeek-V3.1,Baseline,16,4,High,HIGHER,325
653,DeepSeek-V3.1,Baseline,16,5,High,HIGHER,300
654,DeepSeek-V3.1,Baseline,16,6,High,HIGHER,350
655,DeepSeek-V3.1,Baseline,16,7,High,HIGHER,325
656,DeepSeek-V3.1,Baseline,16,8,High,HIGHER,300
657,DeepSeek-V3.1,Baseline,17,1,Low,HIGHER,250000
658,DeepSeek-V3.1,Baseline,17,2,Low,LOWER,50000
659,DeepSeek-V3.1,Baseline,17,3,Low,HIGHER,250000
660,DeepSeek-V3.1,Baseline,17,4,Low,HIGHER,200000
661,DeepSeek-V3.1,Baseline,17,5,Low,HIGHER,200000
662,DeepSeek-V3.1,Baseline,17,6,Low,HIGHER,250000
663,DeepSeek-V3.1,Baseline,17,7,Low,HIGHER,500000
664,DeepSeek-V3.1,Baseline,17,8,Low,HIGHER,250000
665,DeepSeek-V3.1,Baseline,17,1,High,HIGHER,600000
666,DeepSeek-V3.1,Baseline,17,2,High,HIGHER,500000
667,DeepSeek-V3.1,Baseline,17,3,High,LOWER,100000
668,DeepSeek-V3.1,Baseline,17,4,High,HIGHER,500000
669,DeepSeek-V3.1,Baseline,17,5,High,HIGHER,650000
670,DeepSeek-V3.1,Baseline,17,6,High,HIGHER,750000
671,DeepSeek-V3.1,Baseline,17,7,High,HIGHER,500000
672,DeepSeek-V3.1,Baseline,17,8,High,LOWER,150000
673,DeepSeek-V3.1,Baseline,18,1,Low,HIGHER,75
674,DeepSeek-V3.1,Baseline,18,2,Low,HIGHER,65
675,DeepSeek-V3.1,Baseline,18,3,Low,HIGHER,75
676,DeepSeek-V3.1,Baseline,18,4,Low,,25
677,DeepSeek-V3.1,Baseline,18,5,Low,HIGHER,75
678,DeepSeek-V3.1,Baseline,18,6,Low,HIGHER,65
679,DeepSeek-V3.1,Baseline,18,7,Low,HIGHER,75
680,DeepSeek-V3.1,Baseline,18,8,Low,HIGHER,125
681,DeepSeek-V3.1,Baseline,18,1,High,HIGHER,150
682,DeepSeek-V3.1,Baseline,18,2,High,HIGHER,150
683,DeepSeek-V3.1,Baseline,18,3,High,HIGHER,140
684,DeepSeek-V3.1,Baseline,18,4,High,,0
685,DeepSeek-V3.1,Baseline,18,5,High,HIGHER,150
686,DeepSeek-V3.1,Baseline,18,6,High,HIGHER,200
687,DeepSeek-V3.1,Baseline,18,7,High,HIGHER,150
688,DeepSeek-V3.1,Baseline,18,8,High,HIGHER,150
689,DeepSeek-V3.1,Baseline,19,1,Low,LOWER,45000
690,DeepSeek-V3.1,Baseline,19,2,Low,LOWER,50000
691,DeepSeek-V3.1,Baseline,19,3,Low,LOWER,55000
692,DeepSeek-V3.1,Baseline,19,4,Low,HIGHER,120000
693,DeepSeek-V3.1,Baseline,19,5,Low,LOWER,50000
694,DeepSeek-V3.1,Baseline,19,6,Low,HIGHER,97000
695,DeepSeek-V3.1,Baseline,19,7,Low,LOWER,65000
696,DeepSeek-V3.1,Baseline,19,8,Low,LOWER,50000
697,DeepSeek-V3.1,Baseline,19,1,High,LOWER,150000
698,DeepSeek-V3.1,Baseline,19,2,High,LOWER,175000
699,DeepSeek-V3.1,Baseline,19,3,High,LOWER,230000
700,DeepSeek-V3.1,Baseline,19,4,High,LOWER,150000
701,DeepSeek-V3.1,Baseline,19,5,High,LOWER,180000
702,DeepSeek-V3.1,Baseline,19,6,High,LOWER,185000
703,DeepSeek-V3.1,Baseline,19,7,High,,300000
704,DeepSeek-V3.1,Baseline,19,8,High,LOWER,180000
705,DeepSeek-V3.1,Baseline,20,1,Low,HIGHER,1200
706,DeepSeek-V3.1,Baseline,20,2,Low,HIGHER,1200
707,DeepSeek-V3.1,Baseline,20,3,Low,HIGHER,1200
708,DeepSeek-V3.1,Baseline,20,4,Low,HIGHER,1000
709,DeepSeek-V3.1,Baseline,20,5,Low,HIGHER,1200
710,DeepSeek-V3.1,Baseline,20,6,Low,HIGHER,1000
711,DeepSeek-V3.1,Baseline,20,7,Low,HIGHER,1200
712,DeepSeek-V3.1,Baseline,20,8,Low,HIGHER,1200
713,DeepSeek-V3.1,Baseline,20,1,High,HIGHER,1300
714,DeepSeek-V3.1,Baseline,20,2,High,HIGHER,1450
715,DeepSeek-V3.1,Baseline,20,3,High,HIGHER,1400
716,DeepSeek-V3.1,Baseline,20,4,High,HIGHER,1300
717,DeepSeek-V3.1,Baseline,20,5,High,HIGHER,1200
718,DeepSeek-V3.1,Baseline,20,6,High,HIGHER,1400
719,DeepSeek-V3.1,Baseline,20,7,High,HIGHER,1250
720,DeepSeek-V3.1,Baseline,20,8,High,HIGHER,1250
721,DeepSeek-V3.1,Baseline,21,1,Low,HIGHER,1699
722,DeepSeek-V3.1,Baseline,21,2,Low,HIGHER,1794
723,DeepSeek-V3.1,Baseline,21,3,Low,HIGHER,1800
724,DeepSeek-V3.1,Baseline,21,4,Low,HIGHER,1900
725,DeepSeek-V3.1,Baseline,21,5,Low,HIGHER,1800
726,DeepSeek-V3.1,Baseline,21,6,Low,HIGHER,2000
727,DeepSeek-V3.1,Baseline,21,7,Low,HIGHER,2000
728,DeepSeek-V3.1,Baseline,21,8,Low,HIGHER,1800
729,DeepSeek-V3.1,Baseline,21,1,High,,1754
730,DeepSeek-V3.1,Baseline,21,2,High,LOWER,200
731,DeepSeek-V3.1,Baseline,21,3,High,HIGHER,1800
732,DeepSeek-V3.1,Baseline,21,4,High,HIGHER,1800
733,DeepSeek-V3.1,Baseline,21,5,High,HIGHER,1800
734,DeepSeek-V3.1,Baseline,21,6,High,HIGHER,1800
735,DeepSeek-V3.1,Baseline,21,7,High,HIGHER,1600
736,DeepSeek-V3.1,Baseline,21,8,High,HIGHER,1900
737,DeepSeek-V3.1,Baseline,22,1,Low,HIGHER,3500
738,DeepSeek-V3.1,Baseline,22,2,Low,HIGHER,3500
739,DeepSeek-V3.1,Baseline,22,3,Low,HIGHER,4000
740,DeepSeek-V3.1,Baseline,22,4,Low,HIGHER,3500
741,DeepSeek-V3.1,Baseline,22,5,Low,HIGHER,3800
742,DeepSeek-V3.1,Baseline,22,6,Low,HIGHER,3500
743,DeepSeek-V3.1,Baseline,22,7,Low,HIGHER,3500
744,DeepSeek-V3.1,Baseline,22,8,Low,HIGHER,3500
745,DeepSeek-V3.1,Baseline,22,1,High,HIGHER,6500
746,DeepSeek-V3.1,Baseline,22,2,High,HIGHER,5500
747,DeepSeek-V3.1,Baseline,22,3,High,,
748,DeepSeek-V3.1,Baseline,22,4,High,LOWER,4312
749,DeepSeek-V3.1,Baseline,22,5,High,LOWER,4000
750,DeepSeek-V3.1,Baseline,22,6,High,HIGHER,5700
751,DeepSeek-V3.1,Baseline,22,7,High,LOWER,3500
752,DeepSeek-V3.1,Baseline,22,8,High,HIGHER,6500
753,DeepSeek-V3.1,Baseline,23,1,Low,HIGHER,450
754,DeepSeek-V3.1,Baseline,23,2,Low,HIGHER,450
755,DeepSeek-V3.1,Baseline,23,3,Low,HIGHER,450
756,DeepSeek-V3.1,Baseline,23,4,Low,HIGHER,450
757,DeepSeek-V3.1,Baseline,23,5,Low,HIGHER,450
758,DeepSeek-V3.1,Baseline,23,6,Low,HIGHER,450
759,DeepSeek-V3.1,Baseline,23,7,Low,HIGHER,400
760,DeepSeek-V3.1,Baseline,23,8,Low,HIGHER,450
761,DeepSeek-V3.1,Baseline,23,1,High,,600
762,DeepSeek-V3.1,Baseline,23,2,High,,385
763,DeepSeek-V3.1,Baseline,23,3,High,HIGHER,725
764,DeepSeek-V3.1,Baseline,23,4,High,HIGHER,675
765,DeepSeek-V3.1,Baseline,23,5,High,HIGHER,800
766,DeepSeek-V3.1,Baseline,23,6,High,HIGHER,400
767,DeepSeek-V3.1,Baseline,23,7,High,HIGHER,500
768,DeepSeek-V3.1,Baseline,23,8,High,HIGHER,650
769,DeepSeek-V3.1,Baseline,24,1,Low,HIGHER,46000
770,DeepSeek-V3.1,Baseline,24,2,Low,HIGHER,45000
771,DeepSeek-V3.1,Baseline,24,3,Low,HIGHER,45000
772,DeepSeek-V3.1,Baseline,24,4,Low,HIGHER,44000
773,DeepSeek-V3.1,Baseline,24,5,Low,HIGHER,45000
774,DeepSeek-V3.1,Baseline,24,6,Low,HIGHER,35000
775,DeepSeek-V3.1,Baseline,24,7,Low,HIGHER,45000
776,DeepSeek-V3.1,Baseline,24,8,Low,HIGHER,46000
777,DeepSeek-V3.1,Baseline,24,1,High,LOWER,45000
778,DeepSeek-V3.1,Baseline,24,2,High,LOWER,45000
779,DeepSeek-V3.1,Baseline,24,3,High,LOWER,45000
780,DeepSeek-V3.1,Baseline,24,4,High,LOWER,50000
781,DeepSeek-V3.1,Baseline,24,5,High,LOWER,45000
782,DeepSeek-V3.1,Baseline,24,6,High,LOWER,50000
783,DeepSeek-V3.1,Baseline,24,7,High,LOWER,45000
784,DeepSeek-V3.1,Baseline,24,8,High,LOWER,45000
785,DeepSeek-V3.1,Baseline,25,1,Low,HIGHER,650
786,DeepSeek-V3.1,Baseline,25,2,Low,LOWER,250
787,DeepSeek-V3.1,Baseline,25,3,Low,HIGHER,650
788,DeepSeek-V3.1,Baseline,25,4,Low,HIGHER,900
789,DeepSeek-V3.1,Baseline,25,5,Low,HIGHER,480
790,DeepSeek-V3.1,Baseline,25,6,Low,HIGHER,0
791,DeepSeek-V3.1,Baseline,25,7,Low,LOWER,300
792,DeepSeek-V3.1,Baseline,25,8,Low,HIGHER,1250
793,DeepSeek-V3.1,Baseline,25,1,High,HIGHER,2100
794,DeepSeek-V3.1,Baseline,25,2,High,HIGHER,1850
795,DeepSeek-V3.1,Baseline,25,3,High,LOWER,1600
796,DeepSeek-V3.1,Baseline,25,4,High,LOWER,1145
797,DeepSeek-V3.1,Baseline,25,5,High,HIGHER,1850
798,DeepSeek-V3.1,Baseline,25,6,High,HIGHER,1725
799,DeepSeek-V3.1,Baseline,25,7,High,LOWER,1600
800,DeepSeek-V3.1,Baseline,25,8,High,LOWER,1100
801,Mistral-Large-3,Baseline,1,1,Low,HIGHER,12000
802,Mistral-Large-3,Baseline,1,2,Low,HIGHER,12000
803,Mistral-Large-3,Baseline,1,3,Low,HIGHER,12000
804,Mistral-Large-3,Baseline,1,4,Low,HIGHER,12000
805,Mistral-Large-3,Baseline,1,5,Low,HIGHER,12000
806,Mistral-Large-3,Baseline,1,6,Low,HIGHER,12000
807,Mistral-Large-3,Baseline,1,7,Low,HIGHER,12000
808,Mistral-Large-3,Baseline,1,8,Low,HIGHER,12000
809,Mistral-Large-3,Baseline,1,1,High,HIGHER,12000
810,Mistral-Large-3,Baseline,1,2,High,HIGHER,12000
811,Mistral-Large-3,Baseline,1,3,High,HIGHER,12000
812,Mistral-Large-3,Baseline,1,4,High,HIGHER,12000
813,Mistral-Large-3,Baseline,1,5,High,HIGHER,12000
814,Mistral-Large-3,Baseline,1,6,High,HIGHER,12000
815,Mistral-Large-3,Baseline,1,7,High,HIGHER,12000
816,Mistral-Large-3,Baseline,1,8,High,HIGHER,12000
817,Mistral-Large-3,Baseline,2,1,Low,HIGHER,13
818,Mistral-Large-3,Baseline,2,2,Low,HIGHER,12
819,Mistral-Large-3,Baseline,2,3,Low,HIGHER,13
820,Mistral-Large-3,Baseline,2,4,Low,HIGHER,13
821,Mistral-Large-3,Baseline,2,5,Low,HIGHER,13
822,Mistral-Large-3,Baseline,2,6,Low,HIGHER,13
823,Mistral-Large-3,Baseline,2,7,Low,HIGHER,12
824,Mistral-Large-3,Baseline,2,8,Low,HIGHER,13
825,Mistral-Large-3,Baseline,2,1,High,LOWER,15
826,Mistral-Large-3,Baseline,2,2,High,LOWER,15
827,Mistral-Large-3,Baseline,2,3,High,LOWER,15
828,Mistral-Large-3,Baseline,2,4,High,LOWER,15
829,Mistral-Large-3,Baseline,2,5,High,LOWER,15
830,Mistral-Large-3,Baseline,2,6,High,LOWER,15
831,Mistral-Large-3,Baseline,2,7,High,LOWER,15
832,Mistral-Large-3,Baseline,2,8,High,LOWER,15
833,Mistral-Large-3,Baseline,3,1,Low,HIGHER,115
834,Mistral-Large-3,Baseline,3,2,Low,HIGHER,115
835,Mistral-Large-3,Baseline,3,3,Low,HIGHER,115
836,Mistral-Large-3,Baseline,3,4,Low,HIGHER,115
837,Mistral-Large-3,Baseline,3,5,Low,HIGHER,115
838,Mistral-Large-3,Baseline,3,6,Low,HIGHER,115
839,Mistral-Large-3,Baseline,3,7,Low,HIGHER,115
840,Mistral-Large-3,Baseline,3,8,Low,HIGHER,115
841,Mistral-Large-3,Baseline,3,1,High,LOWER,150
842,Mistral-Large-3,Baseline,3,2,High,LOWER,150
843,Mistral-Large-3,Baseline,3,3,High,LOWER,150
844,Mistral-Large-3,Baseline,3,4,High,LOWER,150
845,Mistral-Large-3,Baseline,3,5,High,LOWER,150
846,Mistral-Large-3,Baseline,3,6,High,LOWER,150
847,Mistral-Large-3,Baseline,3,7,High,LOWER,150
848,Mistral-Large-3,Baseline,3,8,High,LOWER,150
849,Mistral-Large-3,Baseline,4,1,Low,LOWER,7000
850,Mistral-Large-3,Baseline,4,2,Low,LOWER,7000
851,Mistral-Large-3,Baseline,4,3,Low,LOWER,7000
852,Mistral-Large-3,Baseline,4,4,Low,LOWER,7500
853,Mistral-Large-3,Baseline,4,5,Low,LOWER,7500
854,Mistral-Large-3,Baseline,4,6,Low,LOWER,7500
855,Mistral-Large-3,Baseline,4,7,Low,LOWER,7000
856,Mistral-Large-3,Baseline,4,8,Low,LOWER,7000
857,Mistral-Large-3,Baseline,4,1,High,LOWER,11000
858,Mistral-Large-3,Baseline,4,2,High,LOWER,11000
859,Mistral-Large-3,Baseline,4,3,High,LOWER,11000
860,Mistral-Large-3,Baseline,4,4,High,LOWER,11000
861,Mistral-Large-3,Baseline,4,5,High,LOWER,11000
862,Mistral-Large-3,Baseline,4,6,High,LOWER,11000
863,Mistral-Large-3,Baseline,4,7,High,LOWER,11000
864,Mistral-Large-3,Baseline,4,8,High,LOWER,11000
865,Mistral-Large-3,Baseline,5,1,Low,HIGHER,120
866,Mistral-Large-3,Baseline,5,2,Low,HIGHER,120
867,Mistral-Large-3,Baseline,5,3,Low,HIGHER,120
868,Mistral-Large-3,Baseline,5,4,Low,HIGHER,120
869,Mistral-Large-3,Baseline,5,5,Low,HIGHER,120
870,Mistral-Large-3,Baseline,5,6,Low,HIGHER,120
871,Mistral-Large-3,Baseline,5,7,Low,HIGHER,120
872,Mistral-Large-3,Baseline,5,8,Low,HIGHER,120
873,Mistral-Large-3,Baseline,5,1,High,HIGHER,150
874,Mistral-Large-3,Baseline,5,2,High,HIGHER,150
875,Mistral-Large-3,Baseline,5,3,High,HIGHER,150
876,Mistral-Large-3,Baseline,5,4,High,HIGHER,150
877,Mistral-Large-3,Baseline,5,5,High,HIGHER,150
878,Mistral-Large-3,Baseline,5,6,High,HIGHER,150
879,Mistral-Large-3,Baseline,5,7,High,HIGHER,150
880,Mistral-Large-3,Baseline,5,8,High,HIGHER,150
881,Mistral-Large-3,Baseline,6,1,Low,HIGHER,58000
882,Mistral-Large-3,Baseline,6,2,Low,HIGHER,58000
883,Mistral-Large-3,Baseline,6,3,Low,HIGHER,58000
884,Mistral-Large-3,Baseline,6,4,Low,HIGHER,58000
885,Mistral-Large-3,Baseline,6,5,Low,HIGHER,58000
886,Mistral-Large-3,Baseline,6,6,Low,HIGHER,58000
887,Mistral-Large-3,Baseline,6,7,Low,HIGHER,58000
888,Mistral-Large-3,Baseline,6,8,Low,HIGHER,58000
889,Mistral-Large-3,Baseline,6,1,High,LOWER,58000
890,Mistral-Large-3,Baseline,6,2,High,LOWER,58000
891,Mistral-Large-3,Baseline,6,3,High,LOWER,58375
892,Mistral-Large-3,Baseline,6,4,High,LOWER,58000
893,Mistral-Large-3,Baseline,6,5,High,LOWER,58000
894,Mistral-Large-3,Baseline,6,6,High,LOWER,58000
895,Mistral-Large-3,Baseline,6,7,High,LOWER,58000
896,Mistral-Large-3,Baseline,6,8,High,LOWER,58000
897,Mistral-Large-3,Baseline,7,1,Low,HIGHER,27
898,Mistral-Large-3,Baseline,7,2,Low,HIGHER,27
899,Mistral-Large-3,Baseline,7,3,Low,HIGHER,27
900,Mistral-Large-3,Baseline,7,4,Low,HIGHER,27
901,Mistral-Large-3,Baseline,7,5,Low,HIGHER,27
902,Mistral-Large-3,Baseline,7,6,Low,HIGHER,27
903,Mistral-Large-3,Baseline,7,7,Low,HIGHER,27
904,Mistral-Large-3,Baseline,7,8,Low,HIGHER,27
905,Mistral-Large-3,Baseline,7,1,High,LOWER,55
906,Mistral-Large-3,Baseline,7,2,High,LOWER,35
907,Mistral-Large-3,Baseline,7,3,High,LOWER,55
908,Mistral-Large-3,Baseline,7,4,High,LOWER,55
909,Mistral-Large-3,Baseline,7,5,High,LOWER,55
910,Mistral-Large-3,Baseline,7,6,High,LOWER,55
911,Mistral-Large-3,Baseline,7,7,High,LOWER,55
912,Mistral-Large-3,Baseline,7,8,High,LOWER,55
913,Mistral-Large-3,Baseline,8,1,Low,LOWER,80000
914,Mistral-Large-3,Baseline,8,2,Low,LOWER,80000
915,Mistral-Large-3,Baseline,8,3,Low,LOWER,80000
916,Mistral-Large-3,Baseline,8,4,Low,LOWER,80000
917,Mistral-Large-3,Baseline,8,5,Low,LOWER,80000
918,Mistral-Large-3,Baseline,8,6,Low,LOWER,80000
919,Mistral-Large-3,Baseline,8,7,Low,LOWER,80000
920,Mistral-Large-3,Baseline,8,8,Low,LOWER,80000
921,Mistral-Large-3,Baseline,8,1,High,LOWER,300000
922,Mistral-Large-3,Baseline,8,2,High,LOWER,300000
923,Mistral-Large-3,Baseline,8,3,High,LOWER,300000
924,Mistral-Large-3,Baseline,8,4,High,LOWER,300000
925,Mistral-Large-3,Baseline,8,5,High,LOWER,300000
926,Mistral-Large-3,Baseline,8,6,High,LOWER,300000
927,Mistral-Large-3,Baseline,8,7,High,LOWER,300000
928,Mistral-Large-3,Baseline,8,8,High,LOWER,300000
929,Mistral-Large-3,Baseline,9,1,Low,HIGHER,250
930,Mistral-Large-3,Baseline,9,2,Low,HIGHER,250
931,Mistral-Large-3,Baseline,9,3,Low,HIGHER,250
932,Mistral-Large-3,Baseline,9,4,Low,HIGHER,250
933,Mistral-Large-3,Baseline,9,5,Low,HIGHER,250
934,Mistral-Large-3,Baseline,9,6,Low,HIGHER,250
935,Mistral-Large-3,Baseline,9,7,Low,HIGHER,250
936,Mistral-Large-3,Baseline,9,8,Low,HIGHER,250
937,Mistral-Large-3,Baseline,9,1,High,LOWER,250
938,Mistral-Large-3,Baseline,9,2,High,LOWER,250
939,Mistral-Large-3,Baseline,9,3,High,LOWER,250
940,Mistral-Large-3,Baseline,9,4,High,LOWER,250
941,Mistral-Large-3,Baseline,9,5,High,LOWER,250
942,Mistral-Large-3,Baseline,9,6,High,LOWER,250
943,Mistral-Large-3,Baseline,9,7,High,LOWER,250
944,Mistral-Large-3,Baseline,9,8,High,LOWER,250
945,Mistral-Large-3,Baseline,10,1,Low,HIGHER,500000
946,Mistral-Large-3,Baseline,10,2,Low,HIGHER,500000
947,Mistral-Large-3,Baseline,10,3,Low,HIGHER,500000
948,Mistral-Large-3,Baseline,10,4,Low,HIGHER,500000
949,Mistral-Large-3,Baseline,10,5,Low,HIGHER,500000
950,Mistral-Large-3,Baseline,10,6,Low,HIGHER,500000
951,Mistral-Large-3,Baseline,10,7,Low,HIGHER,500000
952,Mistral-Large-3,Baseline,10,8,Low,HIGHER,500000
953,Mistral-Large-3,Baseline,10,1,High,HIGHER,500000
954,Mistral-Large-3,Baseline,10,2,High,HIGHER,500000
955,Mistral-Large-3,Baseline,10,3,High,HIGHER,500000
956,Mistral-Large-3,Baseline,10,4,High,HIGHER,500000
957,Mistral-Large-3,Baseline,10,5,High,HIGHER,500000
958,Mistral-Large-3,Baseline,10,6,High,HIGHER,500000
959,Mistral-Large-3,Baseline,10,7,High,HIGHER,500000
960,Mistral-Large-3,Baseline,10,8,High,HIGHER,500000
961,Mistral-Large-3,Baseline,11,1,Low,HIGHER,50
962,Mistral-Large-3,Baseline,11,2,Low,HIGHER,50
963,Mistral-Large-3,Baseline,11,3,Low,HIGHER,50
964,Mistral-Large-3,Baseline,11,4,Low,HIGHER,50
965,Mistral-Large-3,Baseline,11,5,Low,HIGHER,50
966,Mistral-Large-3,Baseline,11,6,Low,HIGHER,50
967,Mistral-Large-3,Baseline,11,7,Low,HIGHER,50
968,Mistral-Large-3,Baseline,11,8,Low,HIGHER,50
969,Mistral-Large-3,Baseline,11,1,High,HIGHER,65
970,Mistral-Large-3,Baseline,11,2,High,HIGHER,65
971,Mistral-Large-3,Baseline,11,3,High,HIGHER,65
972,Mistral-Large-3,Baseline,11,4,High,HIGHER,65
973,Mistral-Large-3,Baseline,11,5,High,HIGHER,65
974,Mistral-Large-3,Baseline,11,6,High,HIGHER,65
975,Mistral-Large-3,Baseline,11,7,High,HIGHER,65
976,Mistral-Large-3,Baseline,11,8,High,HIGHER,65
977,Mistral-Large-3,Baseline,12,1,Low,HIGHER,350
978,Mistral-Large-3,Baseline,12,2,Low,LOWER,70
979,Mistral-Large-3,Baseline,12,3,Low,LOWER,70
980,Mistral-Large-3,Baseline,12,4,Low,HIGHER,350
981,Mistral-Large-3,Baseline,12,5,Low,HIGHER,350
982,Mistral-Large-3,Baseline,12,6,Low,LOWER,70
983,Mistral-Large-3,Baseline,12,7,Low,HIGHER,350
984,Mistral-Large-3,Baseline,12,8,Low,LOWER,70
985,Mistral-Large-3,Baseline,12,1,High,LOWER,300
986,Mistral-Large-3,Baseline,12,2,High,LOWER,300
987,Mistral-Large-3,Baseline,12,3,High,LOWER,300
988,Mistral-Large-3,Baseline,12,4,High,LOWER,300
989,Mistral-Large-3,Baseline,12,5,High,LOWER,300
990,Mistral-Large-3,Baseline,12,6,High,LOWER,300
991,Mistral-Large-3,Baseline,12,7,High,LOWER,300
992,Mistral-Large-3,Baseline,12,8,High,LOWER,300
993,Mistral-Large-3,Baseline,13,1,Low,HIGHER,15000000
994,Mistral-Large-3,Baseline,13,2,Low,HIGHER,15000000
995,Mistral-Large-3,Baseline,13,3,Low,HIGHER,15000000
996,Mistral-Large-3,Baseline,13,4,Low,HIGHER,12000000
997,Mistral-Large-3,Baseline,13,5,Low,HIGHER,12000000
998,Mistral-Large-3,Baseline,13,6,Low,HIGHER,15000000
999,Mistral-Large-3,Baseline,13,7,Low,HIGHER,12000000
1000,Mistral-Large-3,Baseline,13,8,Low,HIGHER,15000000
1001,Mistral-Large-3,Baseline,13,1,High,HIGHER,50000000
1002,Mistral-Large-3,Baseline,13,2,High,HIGHER,100000000
1003,Mistral-Large-3,Baseline,13,3,High,HIGHER,50000000
1004,Mistral-Large-3,Baseline,13,4,High,HIGHER,50000000
1005,Mistral-Large-3,Baseline,13,5,High,HIGHER,50000000
1006,Mistral-Large-3,Baseline,13,6,High,HIGHER,50000000
1007,Mistral-Large-3,Baseline,13,7,High,HIGHER,50000000
1008,Mistral-Large-3,Baseline,13,8,High,HIGHER,50000000
1009,Mistral-Large-3,Baseline,14,1,Low,HIGHER,1650
1010,Mistral-Large-3,Baseline,14,2,Low,HIGHER,1650
1011,Mistral-Large-3,Baseline,14,3,Low,HIGHER,1650
1012,Mistral-Large-3,Baseline,14,4,Low,HIGHER,1650
1013,Mistral-Large-3,Baseline,14,5,Low,HIGHER,1650
1014,Mistral-Large-3,Baseline,14,6,Low,HIGHER,1650
1015,Mistral-Large-3,Baseline,14,7,Low,HIGHER,1650
1016,Mistral-Large-3,Baseline,14,8,Low,HIGHER,1650
1017,Mistral-Large-3,Baseline,14,1,High,LOWER,1200
1018,Mistral-Large-3,Baseline,14,2,High,LOWER,1200
1019,Mistral-Large-3,Baseline,14,3,High,LOWER,1200
1020,Mistral-Large-3,Baseline,14,4,High,LOWER,1200
1021,Mistral-Large-3,Baseline,14,5,High,LOWER,1200
1022,Mistral-Large-3,Baseline,14,6,High,LOWER,1200
1023,Mistral-Large-3,Baseline,14,7,High,LOWER,1200
1024,Mistral-Large-3,Baseline,14,8,High,LOWER,1200
1025,Mistral-Large-3,Baseline,15,1,Low,HIGHER,3500
1026,Mistral-Large-3,Baseline,15,2,Low,HIGHER,3500
1027,Mistral-Large-3,Baseline,15,3,Low,HIGHER,3500
1028,Mistral-Large-3,Baseline,15,4,Low,HIGHER,3500
1029,Mistral-Large-3,Baseline,15,5,Low,HIGHER,3500
1030,Mistral-Large-3,Baseline,15,6,Low,HIGHER,3500
1031,Mistral-Large-3,Baseline,15,7,Low,HIGHER,3500
1032,Mistral-Large-3,Baseline,15,8,Low,HIGHER,3500
1033,Mistral-Large-3,Baseline,15,1,High,HIGHER,3500
1034,Mistral-Large-3,Baseline,15,2,High,HIGHER,3500
1035,Mistral-Large-3,Baseline,15,3,High,HIGHER,3500
1036,Mistral-Large-3,Baseline,15,4,High,HIGHER,3500
1037,Mistral-Large-3,Baseline,15,5,High,HIGHER,3500
1038,Mistral-Large-3,Baseline,15,6,High,HIGHER,3500
1039,Mistral-Large-3,Baseline,15,7,High,HIGHER,3500
1040,Mistral-Large-3,Baseline,15,8,High,HIGHER,3500
1041,Mistral-Large-3,Baseline,16,1,Low,HIGHER,120
1042,Mistral-Large-3,Baseline,16,2,Low,HIGHER,120
1043,Mistral-Large-3,Baseline,16,3,Low,HIGHER,120
1044,Mistral-Large-3,Baseline,16,4,Low,HIGHER,120
1045,Mistral-Large-3,Baseline,16,5,Low,HIGHER,120
1046,Mistral-Large-3,Baseline,16,6,Low,HIGHER,120
1047,Mistral-Large-3,Baseline,16,7,Low,HIGHER,120
1048,Mistral-Large-3,Baseline,16,8,Low,HIGHER,120
1049,Mistral-Large-3,Baseline,16,1,High,HIGHER,300
1050,Mistral-Large-3,Baseline,16,2,High,HIGHER,300
1051,Mistral-Large-3,Baseline,16,3,High,HIGHER,300
1052,Mistral-Large-3,Baseline,16,4,High,HIGHER,300
1053,Mistral-Large-3,Baseline,16,5,High,HIGHER,300
1054,Mistral-Large-3,Baseline,16,6,High,HIGHER,300
1055,Mistral-Large-3,Baseline,16,7,High,HIGHER,300
1056,Mistral-Large-3,Baseline,16,8,High,HIGHER,300
1057,Mistral-Large-3,Baseline,17,1,Low,HIGHER,150000
1058,Mistral-Large-3,Baseline,17,2,Low,HIGHER,250000
1059,Mistral-Large-3,Baseline,17,3,Low,HIGHER,250000
1060,Mistral-Large-3,Baseline,17,4,Low,HIGHER,250000
1061,Mistral-Large-3,Baseline,17,5,Low,HIGHER,250000
1062,Mistral-Large-3,Baseline,17,6,Low,HIGHER,250000
1063,Mistral-Large-3,Baseline,17,7,Low,HIGHER,250000
1064,Mistral-Large-3,Baseline,17,8,Low,HIGHER,250000
1065,Mistral-Large-3,Baseline,17,1,High,LOWER,100000
1066,Mistral-Large-3,Baseline,17,2,High,LOWER,50000
1067,Mistral-Large-3,Baseline,17,3,High,LOWER,100000
1068,Mistral-Large-3,Baseline,17,4,High,LOWER,100000
1069,Mistral-Large-3,Baseline,17,5,High,LOWER,50000
1070,Mistral-Large-3,Baseline,17,6,High,LOWER,50000
1071,Mistral-Large-3,Baseline,17,7,High,LOWER,100000
1072,Mistral-Large-3,Baseline,17,8,High,LOWER,100000
1073,Mistral-Large-3,Baseline,18,1,Low,HIGHER,150
1074,Mistral-Large-3,Baseline,18,2,Low,HIGHER,150
1075,Mistral-Large-3,Baseline,18,3,Low,HIGHER,150
1076,Mistral-Large-3,Baseline,18,4,Low,HIGHER,150
1077,Mistral-Large-3,Baseline,18,5,Low,HIGHER,150
1078,Mistral-Large-3,Baseline,18,6,Low,HIGHER,150
1079,Mistral-Large-3,Baseline,18,7,Low,HIGHER,150
1080,Mistral-Large-3,Baseline,18,8,Low,HIGHER,150
1081,Mistral-Large-3,Baseline,18,1,High,HIGHER,150
1082,Mistral-Large-3,Baseline,18,2,High,HIGHER,150
1083,Mistral-Large-3,Baseline,18,3,High,HIGHER,150
1084,Mistral-Large-3,Baseline,18,4,High,HIGHER,150
1085,Mistral-Large-3,Baseline,18,5,High,HIGHER,150
1086,Mistral-Large-3,Baseline,18,6,High,HIGHER,150
1087,Mistral-Large-3,Baseline,18,7,High,HIGHER,150
1088,Mistral-Large-3,Baseline,18,8,High,HIGHER,150
1089,Mistral-Large-3,Baseline,19,1,Low,LOWER,60000
1090,Mistral-Large-3,Baseline,19,2,Low,LOWER,60000
1091,Mistral-Large-3,Baseline,19,3,Low,LOWER,60000
1092,Mistral-Large-3,Baseline,19,4,Low,LOWER,60000
1093,Mistral-Large-3,Baseline,19,5,Low,LOWER,60000
1094,Mistral-Large-3,Baseline,19,6,Low,LOWER,60000
1095,Mistral-Large-3,Baseline,19,7,Low,LOWER,60000
1096,Mistral-Large-3,Baseline,19,8,Low,LOWER,60000
1097,Mistral-Large-3,Baseline,19,1,High,LOWER,250000
1098,Mistral-Large-3,Baseline,19,2,High,LOWER,250000
1099,Mistral-Large-3,Baseline,19,3,High,LOWER,250000
1100,Mistral-Large-3,Baseline,19,4,High,LOWER,250000
1101,Mistral-Large-3,Baseline,19,5,High,LOWER,250000
1102,Mistral-Large-3,Baseline,19,6,High,LOWER,250000
1103,Mistral-Large-3,Baseline,19,7,High,LOWER,250000
1104,Mistral-Large-3,Baseline,19,8,High,LOWER,250000
1105,Mistral-Large-3,Baseline,20,1,Low,HIGHER,1200
1106,Mistral-Large-3,Baseline,20,2,Low,HIGHER,1200
1107,Mistral-Large-3,Baseline,20,3,Low,HIGHER,1200
1108,Mistral-Large-3,Baseline,20,4,Low,HIGHER,1200
1109,Mistral-Large-3,Baseline,20,5,Low,HIGHER,1200
1110,Mistral-Large-3,Baseline,20,6,Low,HIGHER,1200
1111,Mistral-Large-3,Baseline,20,7,Low,HIGHER,1200
1112,Mistral-Large-3,Baseline,20,8,Low,HIGHER,1200
1113,Mistral-Large-3,Baseline,20,1,High,HIGHER,1800
1114,Mistral-Large-3,Baseline,20,2,High,HIGHER,1800
1115,Mistral-Large-3,Baseline,20,3,High,HIGHER,1800
1116,Mistral-Large-3,Baseline,20,4,High,HIGHER,1800
1117,Mistral-Large-3,Baseline,20,5,High,HIGHER,1800
1118,Mistral-Large-3,Baseline,20,6,High,HIGHER,1800
1119,Mistral-Large-3,Baseline,20,7,High,HIGHER,1800
1120,Mistral-Large-3,Baseline,20,8,High,HIGHER,1800
1121,Mistral-Large-3,Baseline,21,1,Low,HIGHER,1800
1122,Mistral-Large-3,Baseline,21,2,Low,HIGHER,1800
1123,Mistral-Large-3,Baseline,21,3,Low,HIGHER,1800
1124,Mistral-Large-3,Baseline,21,4,Low,HIGHER,1800
1125,Mistral-Large-3,Baseline,21,5,Low,HIGHER,1800
1126,Mistral-Large-3,Baseline,21,6,Low,HIGHER,1800
1127,Mistral-Large-3,Baseline,21,7,Low,HIGHER,1800
1128,Mistral-Large-3,Baseline,21,8,Low,HIGHER,1800
1129,Mistral-Large-3,Baseline,21,1,High,HIGHER,1800
1130,Mistral-Large-3,Baseline,21,2,High,HIGHER,1800
1131,Mistral-Large-3,Baseline,21,3,High,HIGHER,1800
1132,Mistral-Large-3,Baseline,21,4,High,HIGHER,1800
1133,Mistral-Large-3,Baseline,21,5,High,LOWER,1800
1134,Mistral-Large-3,Baseline,21,6,High,HIGHER,1800
1135,Mistral-Large-3,Baseline,21,7,High,HIGHER,1800
1136,Mistral-Large-3,Baseline,21,8,High,HIGHER,1800
1137,Mistral-Large-3,Baseline,22,1,Low,HIGHER,3700
1138,Mistral-Large-3,Baseline,22,2,Low,HIGHER,3700
1139,Mistral-Large-3,Baseline,22,3,Low,HIGHER,3700
1140,Mistral-Large-3,Baseline,22,4,Low,HIGHER,3700
1141,Mistral-Large-3,Baseline,22,5,Low,HIGHER,3700
1142,Mistral-Large-3,Baseline,22,6,Low,HIGHER,3700
1143,Mistral-Large-3,Baseline,22,7,Low,HIGHER,3700
1144,Mistral-Large-3,Baseline,22,8,Low,HIGHER,3700
1145,Mistral-Large-3,Baseline,22,1,High,LOWER,3700
1146,Mistral-Large-3,Baseline,22,2,High,LOWER,3700
1147,Mistral-Large-3,Baseline,22,3,High,LOWER,3700
1148,Mistral-Large-3,Baseline,22,4,High,LOWER,3700
1149,Mistral-Large-3,Baseline,22,5,High,LOWER,3700
1150,Mistral-Large-3,Baseline,22,6,High,LOWER,3700
1151,Mistral-Large-3,Baseline,22,7,High,LOWER,3700
1152,Mistral-Large-3,Baseline,22,8,High,LOWER,3700
1153,Mistral-Large-3,Baseline,23,1,Low,HIGHER,300
1154,Mistral-Large-3,Baseline,23,2,Low,HIGHER,300
1155,Mistral-Large-3,Baseline,23,3,Low,HIGHER,300
1156,Mistral-Large-3,Baseline,23,4,Low,HIGHER,300
1157,Mistral-Large-3,Baseline,23,5,Low,HIGHER,300
1158,Mistral-Large-3,Baseline,23,6,Low,HIGHER,300
1159,Mistral-Large-3,Baseline,23,7,Low,HIGHER,300
1160,Mistral-Large-3,Baseline,23,8,Low,HIGHER,300
1161,Mistral-Large-3,Baseline,23,1,High,HIGHER,700
1162,Mistral-Large-3,Baseline,23,2,High,HIGHER,700
1163,Mistral-Large-3,Baseline,23,3,High,HIGHER,700
1164,Mistral-Large-3,Baseline,23,4,High,HIGHER,700
1165,Mistral-Large-3,Baseline,23,5,High,HIGHER,700
1166,Mistral-Large-3,Baseline,23,6,High,HIGHER,700
1167,Mistral-Large-3,Baseline,23,7,High,HIGHER,700
1168,Mistral-Large-3,Baseline,23,8,High,HIGHER,700
1169,Mistral-Large-3,Baseline,24,1,Low,HIGHER,44000
1170,Mistral-Large-3,Baseline,24,2,Low,HIGHER,44000
1171,Mistral-Large-3,Baseline,24,3,Low,HIGHER,44000
1172,Mistral-Large-3,Baseline,24,4,Low,HIGHER,44000
1173,Mistral-Large-3,Baseline,24,5,Low,HIGHER,44000
1174,Mistral-Large-3,Baseline,24,6,Low,HIGHER,44000
1175,Mistral-Large-3,Baseline,24,7,Low,HIGHER,44000
1176,Mistral-Large-3,Baseline,24,8,Low,HIGHER,44000
1177,Mistral-Large-3,Baseline,24,1,High,LOWER,45000
1178,Mistral-Large-3,Baseline,24,2,High,LOWER,45000
1179,Mistral-Large-3,Baseline,24,3,High,LOWER,45000
1180,Mistral-Large-3,Baseline,24,4,High,LOWER,45000
1181,Mistral-Large-3,Baseline,24,5,High,LOWER,45000
1182,Mistral-Large-3,Baseline,24,6,High,LOWER,45000
1183,Mistral-Large-3,Baseline,24,7,High,LOWER,45000
1184,Mistral-Large-3,Baseline,24,8,High,LOWER,45000
1185,Mistral-Large-3,Baseline,25,1,Low,HIGHER,1200
1186,Mistral-Large-3,Baseline,25,2,Low,HIGHER,1200
1187,Mistral-Large-3,Baseline,25,3,Low,HIGHER,1200
1188,Mistral-Large-3,Baseline,25,4,Low,HIGHER,1200
1189,Mistral-Large-3,Baseline,25,5,Low,HIGHER,1200
1190,Mistral-Large-3,Baseline,25,6,Low,HIGHER,1200
1191,Mistral-Large-3,Baseline,25,7,Low,HIGHER,1200
1192,Mistral-Large-3,Baseline,25,8,Low,HIGHER,1200
1193,Mistral-Large-3,Baseline,25,1,High,HIGHER,1800
1194,Mistral-Large-3,Baseline,25,2,High,HIGHER,1800
1195,Mistral-Large-3,Baseline,25,3,High,HIGHER,1800
1196,Mistral-Large-3,Baseline,25,4,High,HIGHER,1800
1197,Mistral-Large-3,Baseline,25,5,High,HIGHER,1800
1198,Mistral-Large-3,Baseline,25,6,High,HIGHER,1800
1199,Mistral-Large-3,Baseline,25,7,High,HIGHER,1800
1200,Mistral-Large-3,Baseline,25,8,High,HIGHER,1800
